역명,승강기- 승강기 종류,승강기 설치위치
서울역,승강기- 에스컬레이터,연결통로(4호선)
서울역,승강기- 에스컬레이터,남영 방면2-3
서울역,승강기- 에스컬레이터,시청 방면9-3
서울역,승강기- 에스컬레이터,4번 출입구
서울역,승강기- 에스컬레이터,4번 출입구
서울역,승강기- 엘리베이터 ,시청 방면5-1
서울역,승강기- 엘리베이터 ,2번 출입구
서울역,승강기- 엘리베이터 ,4번 출입구
서울역,승강기- 엘리베이터 ,3번 출입구
서울역,승강기- 휠체어리프트,C계단측
시청역,승강기- 에스컬레이터,5번 출입구
시청역,승강기- 에스컬레이터,5번 출입구
시청역,승강기- 에스컬레이터,1번 출입구
시청역,승강기- 엘리베이터 ,종각 방면3-2
시청역,승강기- 엘리베이터 ,서울역 방면8-3
시청역,승강기- 엘리베이터 ,"1,2번 출입구 사이"
종각역,승강기- 에스컬레이터,1번 출입구
종각역,승강기- 에스컬레이터,1번 출입구
종각역,승강기- 엘리베이터 ,종로3가 방면6-4
종각역,승강기- 엘리베이터 ,시청 방면4-4
종각역,승강기- 엘리베이터 ,3번 출입구
종각역,승강기- 엘리베이터 ,1번 출입구
종로3가역,승강기- 에스컬레이터,1번 출입구
종로3가역,승강기- 에스컬레이터,1번 출입구
종로3가역,승강기- 에스컬레이터,14번 출입구
종로3가역,승강기- 에스컬레이터,14번 출입구
종로3가역,승강기- 엘리베이터 ,종로5가 방면5-1
종로3가역,승강기- 엘리베이터 ,종각 방면6-4
종로3가역,승강기- 엘리베이터 ,"12,13번 출입구 사이"
종로5가역,승강기- 엘리베이터 ,동대문(1) 방면8-3
종로5가역,승강기- 엘리베이터 ,종로3가 방면3-2
동대문역,승강기- 에스컬레이터,1번 출입구
동대문역,승강기- 엘리베이터 ,동묘앞 방면10-4
동대문역,승강기- 엘리베이터 ,종로5가 방면2-1
동대문역,승강기- 엘리베이터 ,6번 출입구
신설동역,승강기- 엘리베이터 ,제기동 방면3-4
신설동역,승강기- 엘리베이터 ,동묘앞 방면8-1
신설동역,승강기- 엘리베이터 ,12번 출입구
신설동역,승강기- 엘리베이터 ,"2,3번 출입구 사이"
신설동역,승강기- 엘리베이터 ,"4,5번 출입구 사이"
신설동역,승강기- 휠체어리프트,제기동 방면측
신설동역,승강기- 휠체어리프트2,동묘앞 방면측
신설동역,승강기- 휠체어리프트3,연결통로(대합실)
신설동역,승강기- 휠체어리프트4,연결통로(대합실)
신설동역,승강기- 휠체어리프트2,6번 출입구
제기동역,승강기- 에스컬레이터,2번 출입구
제기동역,승강기- 에스컬레이터,2번 출입구
제기동역,승강기- 엘리베이터 ,청량리 방면9-4
제기동역,승강기- 엘리베이터 ,신설동 방면2-1
제기동역,승강기- 엘리베이터 ,1번 출입구
청량리역,승강기- 에스컬레이터,6번 출입구
청량리역,승강기- 에스컬레이터,6번 출입구
청량리역,승강기- 에스컬레이터,2번 출입구
청량리역,승강기- 에스컬레이터,2번 출입구
청량리역,승강기- 엘리베이터 ,6번 출입구
청량리역,승강기- 엘리베이터 ,2번 출입구
청량리역,승강기- 휠체어리프트2,회기 방면8-2
동묘앞역,승강기- 에스컬레이터,신설동 방면9-1
동묘앞역,승강기- 에스컬레이터,2번 출입구
동묘앞역,승강기- 에스컬레이터,3번 출입구
동묘앞역,승강기- 에스컬레이터,3번 출입구
동묘앞역,승강기- 에스컬레이터,신설동 방면9-1
동묘앞역,승강기- 에스컬레이터,신설동 방면6-2
동묘앞역,승강기- 에스컬레이터,동대문 방면5-4
동묘앞역,승강기- 에스컬레이터,동대문 방면2-4
동묘앞역,승강기- 에스컬레이터,동대문 방면2-4
동묘앞역,승강기- 에스컬레이터,1번 출입구
동묘앞역,승강기- 에스컬레이터,1번 출입구
동묘앞역,승강기- 에스컬레이터,2번 출입구
동묘앞역,승강기- 엘리베이터 ,신설동 방면6-2
동묘앞역,승강기- 엘리베이터 ,신설동 방면10-3
동묘앞역,승강기- 엘리베이터 ,신설동 방면4-3
동묘앞역,승강기- 엘리베이터 ,동대문(1) 방면7-3
동묘앞역,승강기- 엘리베이터 ,동대문(1) 방면1-2
동묘앞역,승강기- 엘리베이터 ,"1,10번 출입구 사이"
동묘앞역,승강기- 엘리베이터 ,3번 출입구
시청역,승강기- 에스컬레이터,대합실(1호선 환승통로 방면)
시청역,승강기- 에스컬레이터,대합실(1호선 환승통로 방면)
시청역,승강기- 에스컬레이터,대합실(1호선 환승통로 방면)
시청역,승강기- 에스컬레이터,대합실(1호선 환승통로 방면)
시청역,승강기- 엘리베이터 ,"충정로 방면6-2, 을지로입구 방면5-3"
시청역,승강기- 엘리베이터 ,9번 출입구
을지로입구역,승강기- 에스컬레이터,8번 출입구
을지로입구역,승강기- 에스컬레이터,8번 출입구
을지로입구역,승강기- 에스컬레이터,1번 출입구
을지로입구역,승강기- 에스컬레이터,1번 출입구
을지로입구역,승강기- 에스컬레이터,1번 출입구
을지로입구역,승강기- 에스컬레이터,1번 출입구
을지로입구역,승강기- 엘리베이터 ,시청 방면5-3
을지로입구역,승강기- 엘리베이터 ,을지로3가 방면6-2
을지로입구역,승강기- 엘리베이터 ,1번 출입구
을지로입구역,승강기- 엘리베이터 ,"5,6번 출입구 사이"
을지로3가역,승강기- 엘리베이터 ,을지로입구 방면8-3
을지로3가역,승강기- 엘리베이터 ,을지로4가 방면3-2
을지로4가역,승강기- 에스컬레이터,5번 출입구
을지로4가역,승강기- 에스컬레이터,5번 출입구
을지로4가역,승강기- 엘리베이터 ,을지로3가 방면3-2
을지로4가역,승강기- 엘리베이터 ,동대문역사문화공원 방면8-3
을지로4가역,승강기- 엘리베이터 ,8번 출입구
동대문역사문화공원역,승강기- 에스컬레이터,3번 출입구
동대문역사문화공원역,승강기- 에스컬레이터,3번 출입구
동대문역사문화공원역,승강기- 엘리베이터 ,을지로4가 방면8-3
동대문역사문화공원역,승강기- 엘리베이터 ,신당 방면3-2
동대문역사문화공원역,승강기- 엘리베이터 ,1번 출입구
신당역,승강기- 에스컬레이터,3번 출입구
신당역,승강기- 에스컬레이터,3번 출입구
신당역,승강기- 엘리베이터 ,동대문역사문화공원 방면3-4
신당역,승강기- 엘리베이터 ,상왕십리 방면7-4
신당역,승강기- 엘리베이터 ,2번 출입구
상왕십리역,승강기- 에스컬레이터,1번 출입구
상왕십리역,승강기- 에스컬레이터,1번 출입구
상왕십리역,승강기- 에스컬레이터,1번 출입구
상왕십리역,승강기- 에스컬레이터,1번 출입구
상왕십리역,승강기- 에스컬레이터,1-1번 출입구
상왕십리역,승강기- 에스컬레이터,1-1번 출입구
상왕십리역,승강기- 에스컬레이터,1-1번 출입구
상왕십리역,승강기- 에스컬레이터,1-1번 출입구
상왕십리역,승강기- 엘리베이터 ,신당 방면8-1
상왕십리역,승강기- 엘리베이터 ,왕십리 방면3-4
상왕십리역,승강기- 엘리베이터 ,1-1번 출입구
왕십리역,승강기- 에스컬레이터,3번 출입구
왕십리역,승강기- 에스컬레이터,3번 출입구
왕십리역,승강기- 에스컬레이터,상왕십리 방면7-1
왕십리역,승강기- 에스컬레이터,상왕십리 방면7-1
왕십리역,승강기- 에스컬레이터,한양대 방면2-3
왕십리역,승강기- 에스컬레이터,한양대 방면2-3
왕십리역,승강기- 에스컬레이터,한양대 방면3-1
왕십리역,승강기- 에스컬레이터,한양대 방면3-1
왕십리역,승강기- 엘리베이터 ,상왕십리 방면3-2
왕십리역,승강기- 엘리베이터 ,한양대 방면3-4
한양대역,승강기- 에스컬레이터,1번 출입구
한양대역,승강기- 에스컬레이터,1번 출입구
한양대역,승강기- 엘리베이터 ,왕십리 방면3-3
한양대역,승강기- 엘리베이터 ,4번 출입구(육교) 측
한양대역,승강기- 휠체어리프트,뚝섬 방면8-2
뚝섬역,승강기- 에스컬레이터,5번 출입구
뚝섬역,승강기- 에스컬레이터,5번 출입구
뚝섬역,승강기- 에스컬레이터,2번 출입구
뚝섬역,승강기- 에스컬레이터,2번 출입구
뚝섬역,승강기- 에스컬레이터,8번 출입구
뚝섬역,승강기- 에스컬레이터,8번 출입구
뚝섬역,승강기- 에스컬레이터,3번 출입구
뚝섬역,승강기- 에스컬레이터,3번 출입구
뚝섬역,승강기- 엘리베이터 ,한양대 방면7-1
뚝섬역,승강기- 엘리베이터 ,성수 방면7-1
뚝섬역,승강기- 엘리베이터 ,3번 출입구
뚝섬역,승강기- 엘리베이터 ,6번 출입구
성수역,승강기- 에스컬레이터,1번 출입구
성수역,승강기- 에스컬레이터,1번 출입구
성수역,승강기- 에스컬레이터,2번 출입구
성수역,승강기- 에스컬레이터,2번 출입구
성수역,승강기- 에스컬레이터,3번 출입구
성수역,승강기- 에스컬레이터,3번 출입구
성수역,승강기- 에스컬레이터,4번 출입구
성수역,승강기- 에스컬레이터,4번 출입구
성수역,승강기- 엘리베이터 ,뚝섬 방면7-1
성수역,승강기- 엘리베이터 ,건대입구 방면4-4
성수역,승강기- 엘리베이터 ,1번 출입구
성수역,승강기- 엘리베이터 ,4번 출입구
건대입구역,승강기- 에스컬레이터,6번 출입구
건대입구역,승강기- 에스컬레이터,6번 출입구
건대입구역,승강기- 엘리베이터 ,성수 방면5-4
건대입구역,승강기- 엘리베이터 ,"구의 방면7-3, 6번 출입구"
구의역,승강기- 에스컬레이터,1번 출입구
구의역,승강기- 에스컬레이터,1번 출입구
구의역,승강기- 에스컬레이터,4번 출입구
구의역,승강기- 에스컬레이터,4번 출입구
구의역,승강기- 에스컬레이터,2번 출입구
구의역,승강기- 에스컬레이터,2번 출입구
구의역,승강기- 엘리베이터 ,강변 방면4-3
구의역,승강기- 엘리베이터 ,"건대입구 방면7-3, 2번 출입구"
강변역,승강기- 에스컬레이터,잠실나루 방면9-1
강변역,승강기- 에스컬레이터,잠실나루 방면9-1
강변역,승강기- 엘리베이터 ,구의 방면4-2
강변역,승강기- 엘리베이터 ,잠실나루 방면7-3
잠실나루역,승강기- 에스컬레이터,"대합실(2,3번 출입구)"
잠실나루역,승강기- 에스컬레이터,"대합실(2,3번 출입구)"
잠실나루역,승강기- 에스컬레이터,강변 방면10-1
잠실나루역,승강기- 에스컬레이터,잠실 방면1-4
잠실나루역,승강기- 엘리베이터 ,강변 방면3-4
잠실나루역,승강기- 엘리베이터 ,잠실 방면8-1
잠실역,승강기- 에스컬레이터,5번 출입구
잠실역,승강기- 에스컬레이터,5번 출입구
잠실역,승강기- 에스컬레이터,1번 출입구
잠실역,승강기- 에스컬레이터,1번 출입구
잠실역,승강기- 에스컬레이터,2번 출입구
잠실역,승강기- 에스컬레이터,2번 출입구
잠실역,승강기- 엘리베이터 ,잠실나루 방면5-2
잠실역,승강기- 엘리베이터 ,잠실새내 방면6-3
잠실역,승강기- 엘리베이터 ,6번 출입구
잠실역,승강기- 엘리베이터 ,1번 출입구
잠실역,승강기- 휠체어리프트,잠실쇼핑센터 측 연결계단
잠실새내역,승강기- 에스컬레이터,1번 출입구
잠실새내역,승강기- 에스컬레이터,8번 출입구
잠실새내역,승강기- 에스컬레이터,8번 출입구
잠실새내역,승강기- 에스컬레이터,2번 출입구
잠실새내역,승강기- 에스컬레이터,2번 출입구
잠실새내역,승강기- 에스컬레이터,5번 출입구
잠실새내역,승강기- 에스컬레이터,5번 출입구
잠실새내역,승강기- 에스컬레이터,6번 출입구
잠실새내역,승강기- 에스컬레이터,6번 출입구
잠실새내역,승강기- 에스컬레이터,7번 출입구
잠실새내역,승강기- 에스컬레이터,7번 출입구
잠실새내역,승강기- 엘리베이터 ,잠실방면7-3
잠실새내역,승강기- 엘리베이터 ,종합운동장 방면4-1
잠실새내역,승강기- 엘리베이터 ,7번 출입구
잠실새내역,승강기- 엘리베이터 ,2번 출입구
종합운동장역,승강기- 에스컬레이터,4번 출입구
종합운동장역,승강기- 에스컬레이터,4번 출입구
종합운동장역,승강기- 에스컬레이터,8번 출입구
종합운동장역,승강기- 에스컬레이터,1번 출입구
종합운동장역,승강기- 에스컬레이터,1번 출입구
종합운동장역,승강기- 엘리베이터 ,잠실새내 방면2-4
종합운동장역,승강기- 엘리베이터 ,삼성 방면8-4
종합운동장역,승강기- 엘리베이터 ,6번 출입구
삼성역,승강기- 에스컬레이터,3번 출입구
삼성역,승강기- 에스컬레이터,3번 출입구
삼성역,승강기- 에스컬레이터,7번 출입구
삼성역,승강기- 에스컬레이터,7번 출입구
삼성역,승강기- 엘리베이터 ,"종합운동장 방면3-1, 선릉 방면8-4"
삼성역,승강기- 엘리베이터 ,1번 출입구
삼성역,승강기- 엘리베이터 ,6번 출입구
삼성역,승강기- 엘리베이터 ,8번 출입구
삼성역,승강기- 엘리베이터 ,4번 출입구
삼성역,승강기- 휠체어리프트,코액스 측 연결계단
선릉역,승강기- 에스컬레이터,4번 출입구
선릉역,승강기- 에스컬레이터,4번 출입구
선릉역,승강기- 엘리베이터 ,1번 출입구
선릉역,승강기- 엘리베이터 ,5번 출입구
선릉역,승강기- 엘리베이터 ,10번 출입구
역삼역,승강기- 에스컬레이터,"대합실(1,2,5,6,7,8번 출입구 방면)"
역삼역,승강기- 에스컬레이터,3번 출입구
역삼역,승강기- 에스컬레이터,4번 출입구
역삼역,승강기- 에스컬레이터,4번 출입구
역삼역,승강기- 에스컬레이터,2번 출입구
역삼역,승강기- 에스컬레이터,2번 출입구
역삼역,승강기- 에스컬레이터,"대합실(1,2,5,6,7,8번 출입구 방면)"
역삼역,승강기- 에스컬레이터,"대합실(1,2,5,6,7,8번 출입구 방면)"
역삼역,승강기- 에스컬레이터,"대합실(1,2,5,6,7,8번 출입구 방면)"
역삼역,승강기- 에스컬레이터,"1,2번 출입구 방면 통로"
역삼역,승강기- 에스컬레이터,"1,2번 출입구 방면 통로"
역삼역,승강기- 에스컬레이터,5~8번 출입구 방면 통로
역삼역,승강기- 에스컬레이터,5~8번 출입구 방면 통로
역삼역,승강기- 에스컬레이터,3번 출입구
역삼역,승강기- 엘리베이터 ,선릉 방면7-3
역삼역,승강기- 엘리베이터 ,강남 방면4-1
역삼역,승강기- 엘리베이터 ,3번 출입구
역삼역,승강기- 엘리베이터 ,4번 출입구
강남역,승강기- 엘리베이터 ,역삼 방면8-1
강남역,승강기- 엘리베이터 ,교대 방면3-4
강남역,승강기- 엘리베이터 ,1번 출입구
강남역,승강기- 엘리베이터 ,10번 출입구
교대역,승강기- 에스컬레이터,6번 출입구
교대역,승강기- 에스컬레이터,6번 출입구
교대역,승강기- 엘리베이터 ,강남 방면8-4
교대역,승강기- 엘리베이터 ,서초 방면3-1
교대역,승강기- 엘리베이터 ,5번 출입구
서초역,승강기- 에스컬레이터,6번 출입구
서초역,승강기- 에스컬레이터,6번 출입구
서초역,승강기- 에스컬레이터,3번 출입구
서초역,승강기- 에스컬레이터,3번 출입구
서초역,승강기- 에스컬레이터,4번 출입구
서초역,승강기- 에스컬레이터,4번 출입구
서초역,승강기- 에스컬레이터,"3,4번 출입구"
서초역,승강기- 에스컬레이터,"3,4번 출입구"
서초역,승강기- 엘리베이터 ,교대 방면2-4
서초역,승강기- 엘리베이터 ,방배 방면9-1
서초역,승강기- 엘리베이터 ,1번 출입구
서초역,승강기- 엘리베이터 ,"3,4번 출입구"
방배역,승강기- 에스컬레이터,4번 출입구
방배역,승강기- 에스컬레이터,4번 출입구
방배역,승강기- 엘리베이터 ,서초 방면8-3
방배역,승강기- 엘리베이터 ,사당 방면3-1
방배역,승강기- 엘리베이터 ,3번 출입구
사당역,승강기- 에스컬레이터,방배 방면3-3
사당역,승강기- 에스컬레이터,14번 출입구
사당역,승강기- 에스컬레이터,5번 출입구
사당역,승강기- 에스컬레이터,5번 출입구
사당역,승강기- 에스컬레이터,방배 방면3-3
사당역,승강기- 에스컬레이터,방배 방면8-1
사당역,승강기- 에스컬레이터,방배 방면8-1
사당역,승강기- 에스컬레이터,낙성대 방면3-3
사당역,승강기- 에스컬레이터,낙성대 방면3-3
사당역,승강기- 에스컬레이터,낙성대 방면8-1
사당역,승강기- 에스컬레이터,낙성대 방면8-1
사당역,승강기- 에스컬레이터,14번 출입구
사당역,승강기- 엘리베이터 ,방배 방면4-4
사당역,승강기- 엘리베이터 ,14번 출입구
사당역,승강기- 엘리베이터 ,6번 출입구
낙성대역,승강기- 에스컬레이터,4번 출입구
낙성대역,승강기- 에스컬레이터,4번 출입구
낙성대역,승강기- 에스컬레이터,1번 출입구
낙성대역,승강기- 에스컬레이터,1번 출입구
낙성대역,승강기- 에스컬레이터,5번 출입구
낙성대역,승강기- 에스컬레이터,5번 출입구
낙성대역,승강기- 에스컬레이터,8번 출입구
낙성대역,승강기- 에스컬레이터,8번 출입구
낙성대역,승강기- 엘리베이터 ,사당 방면8-2
낙성대역,승강기- 엘리베이터 ,서울대입구 방면3-3
낙성대역,승강기- 엘리베이터 ,6번 출입구
서울대입구역,승강기- 에스컬레이터,"봉천 방면8-4, 낙성대 방면2-4"
서울대입구역,승강기- 에스컬레이터,"봉천 방면6-2, 낙성대 방면5-3"
서울대입구역,승강기- 에스컬레이터,"봉천 방면6-2, 낙성대 방면5-3"
서울대입구역,승강기- 에스컬레이터,"봉천 방면2-4, 낙성대 방면8-4"
서울대입구역,승강기- 에스컬레이터,3번 출입구
서울대입구역,승강기- 에스컬레이터,3번 출입구
서울대입구역,승강기- 에스컬레이터,4번 출입구
서울대입구역,승강기- 에스컬레이터,4번 출입구
서울대입구역,승강기- 엘리베이터 ,"봉천 방면5-2, 낙성대 방면6-3"
서울대입구역,승강기- 엘리베이터 ,6번 출입구
서울대입구역,승강기- 엘리베이터 ,2번 출입구
봉천역,승강기- 에스컬레이터,서울대입구 방면6-2
봉천역,승강기- 에스컬레이터,서울대입구 방면5-3
봉천역,승강기- 에스컬레이터,3번 출입구
봉천역,승강기- 에스컬레이터,3번 출입구
봉천역,승강기- 에스컬레이터,6번 출입구
봉천역,승강기- 에스컬레이터,6번 출입구
봉천역,승강기- 에스컬레이터,4번 출입구
봉천역,승강기- 에스컬레이터,4번 출입구
봉천역,승강기- 엘리베이터 ,"서울대입구 방면6-3, 신림 방면5-1"
봉천역,승강기- 엘리베이터 ,4번 출입구
신림역,승강기- 에스컬레이터,2번 출입구
신림역,승강기- 에스컬레이터,2번 출입구
신림역,승강기- 에스컬레이터,4번 출입구
신림역,승강기- 에스컬레이터,4번 출입구
신림역,승강기- 엘리베이터 ,"신대방 방면7-1, 봉천 방면4-4"
신림역,승강기- 엘리베이터 ,1번 출입구
신림역,승강기- 엘리베이터 ,5번 출입구
신대방역,승강기- 에스컬레이터,신림 방면4-3
신대방역,승강기- 에스컬레이터,신림 방면4-3
신대방역,승강기- 에스컬레이터,신림 방면8-3
신대방역,승강기- 에스컬레이터,신림 방면8-3
신대방역,승강기- 에스컬레이터,구로디지털 방면3-1
신대방역,승강기- 에스컬레이터,구로디지털 방면3-1
신대방역,승강기- 에스컬레이터,구로디지털 방면7-1
신대방역,승강기- 에스컬레이터,구로디지털 방면7-1
신대방역,승강기- 엘리베이터 ,신림방면 3-4
신대방역,승강기- 엘리베이터 ,구로디지털단지 방면8-1
신대방역,승강기- 엘리베이터 ,1번 출입구
구로디지털단지역,승강기- 에스컬레이터,2번 출입구
구로디지털단지역,승강기- 에스컬레이터,3번 출입구
구로디지털단지역,승강기- 에스컬레이터,5번 출입구
구로디지털단지역,승강기- 에스컬레이터,5번 출입구
구로디지털단지역,승강기- 엘리베이터 ,신대방 방면3-4
구로디지털단지역,승강기- 엘리베이터 ,대림 방면7-4
구로디지털단지역,승강기- 엘리베이터 ,6번 출입구
구로디지털단지역,승강기- 엘리베이터 ,"2,3번 출입구 사이"
대림역,승강기- 에스컬레이터,1번 출입구
대림역,승강기- 에스컬레이터,1번 출입구
대림역,승강기- 에스컬레이터,8번 출입구
대림역,승강기- 에스컬레이터,8번 출입구
대림역,승강기- 에스컬레이터,5번 출입구
대림역,승강기- 에스컬레이터,5번 출입구
대림역,승강기- 엘리베이터 ,7번 출입구
대림역,승강기- 엘리베이터 ,4번 출입구
대림역,승강기- 엘리베이터 ,구로디지털단지 방면3-2
대림역,승강기- 엘리베이터 ,신도림 방면8-3
신도림역,승강기- 에스컬레이터,대림 방면7-3
신도림역,승강기- 에스컬레이터,대림 방면7-3
신도림역,승강기- 에스컬레이터,문래 방면4-1
신도림역,승강기- 에스컬레이터,대림 방면4-2
신도림역,승강기- 에스컬레이터,대림 방면4-2
신도림역,승강기- 에스컬레이터,대림 방면5-1
신도림역,승강기- 에스컬레이터,대림 방면5-1
신도림역,승강기- 에스컬레이터,대림 방면7-3
신도림역,승강기- 에스컬레이터,대림 방면7-3
신도림역,승강기- 엘리베이터 ,"대림 방면4-4, 문래 방면7-4"
신도림역,승강기- 엘리베이터 ,대림 방면3-2
신도림역,승강기- 엘리베이터 ,1번 출입구
신도림역,승강기- 엘리베이터 ,3번 출입구
문래역,승강기- 에스컬레이터,1번 출입구
문래역,승강기- 에스컬레이터,1번 출입구
문래역,승강기- 에스컬레이터,2번 출입구
문래역,승강기- 에스컬레이터,2번 출입구
문래역,승강기- 엘리베이터 ,신도림 방면7-4
문래역,승강기- 엘리베이터 ,영등포구청 방면4-1
문래역,승강기- 엘리베이터 ,5번 출입구
문래역,승강기- 엘리베이터 ,1번 출입구
영등포구청역,승강기- 에스컬레이터,1번 출입구
영등포구청역,승강기- 에스컬레이터,1번 출입구
영등포구청역,승강기- 엘리베이터 ,문래 방면8-4
영등포구청역,승강기- 엘리베이터 ,당산 방면3-1
영등포구청역,승강기- 엘리베이터 ,2번 출입구
영등포구청역,승강기- 엘리베이터 ,5번 출입구
당산역,승강기- 에스컬레이터,3번 출입구
당산역,승강기- 엘리베이터 ,영등포구청 방면8-3
당산역,승강기- 엘리베이터 ,합정 방면3-2
당산역,승강기- 엘리베이터 ,4번 출입구
당산역,승강기- 엘리베이터 ,3번 출입구
합정역,승강기- 에스컬레이터,당산 방면4-1
합정역,승강기- 에스컬레이터,홍대입구 방면7-3
합정역,승강기- 에스컬레이터,2번 출입구
합정역,승강기- 에스컬레이터,2번 출입구
합정역,승강기- 엘리베이터 ,당산 방면4-1
합정역,승강기- 엘리베이터 ,홍대입구 방면7-3
합정역,승강기- 엘리베이터 ,"3,4번 출입구 사이"
합정역,승강기- 엘리베이터 ,"1,2번 출입구 사이"
홍대입구역,승강기- 에스컬레이터,"신촌 방면7-3, 합정 방면4-2"
홍대입구역,승강기- 에스컬레이터,"합정 방면4-1, 신촌 방면7-4"
홍대입구역,승강기- 에스컬레이터,2번 출입구
홍대입구역,승강기- 에스컬레이터,2번 출입구
홍대입구역,승강기- 에스컬레이터,1번 출입구
홍대입구역,승강기- 에스컬레이터,1번 출입구
홍대입구역,승강기- 에스컬레이터,1번 출입구
홍대입구역,승강기- 에스컬레이터,1번 출입구
홍대입구역,승강기- 엘리베이터 ,"합정 방면7-2, 신촌 방면4-3"
홍대입구역,승강기- 엘리베이터 ,8번 출입구
신촌역,승강기- 에스컬레이터,7번 출입구
신촌역,승강기- 에스컬레이터,7번 출입구
신촌역,승강기- 에스컬레이터,6번 출입구
신촌역,승강기- 에스컬레이터,6번 출입구
신촌역,승강기- 엘리베이터 ,홍대입구 방면6-4
신촌역,승강기- 엘리베이터 ,이대 방면4-4
신촌역,승강기- 엘리베이터 ,4번 출입구
신촌역,승강기- 엘리베이터 ,6번 출입구
이대역,승강기- 에스컬레이터,"아현 방면9-3, 신촌 방면2-2"
이대역,승강기- 에스컬레이터,"신촌 방면2-2, 아현 방면9-3"
이대역,승강기- 에스컬레이터,"아현 방면2-2, 신촌 방면9-3"
이대역,승강기- 에스컬레이터,"신촌 방면9-3, 아현 방면2-2"
이대역,승강기- 엘리베이터 ,"신촌 방면2-2, 아현 방면9-3"
이대역,승강기- 엘리베이터 ,6번 출입구
이대역,승강기- 엘리베이터 ,2번 출입구
아현역,승강기- 에스컬레이터,1번 출입구
아현역,승강기- 에스컬레이터,1번 출입구
아현역,승강기- 엘리베이터 ,이대 방면7-2
아현역,승강기- 엘리베이터 ,충정로 방면4-3
아현역,승강기- 엘리베이터 ,3번 출입구
아현역,승강기- 엘리베이터 ,1번 출입구
충정로역,승강기- 에스컬레이터,"시청 방면7-1, 아현 방면4-4"
충정로역,승강기- 에스컬레이터,"아현 방면4-4, 시청 방면7-1"
충정로역,승강기- 에스컬레이터,"1,2,5,6번 출입구"
충정로역,승강기- 에스컬레이터,"1,2,5,6번 출입구"
충정로역,승강기- 엘리베이터 ,"아현 방면2-1, 시청 방면9-4"
충정로역,승강기- 엘리베이터 ,5번 출입구
용답역,승강기- 엘리베이터,신답방면2-2
용답역,승강기- 엘리베이터,성수방면3-3
용답역,승강기- 휠체어리프트,성수 방면2-2
용답역,승강기- 휠체어리프트2,신답 방면1-4
신답역,승강기- 엘리베이터 ,용두 방면2-4
신답역,승강기- 엘리베이터 ,용답 방면3-2
신설동역,승강기- 엘리베이터 ,신설동 방면4-4
신설동역,승강기- 엘리베이터 ,9번 출입구
신설동역,승강기- 휠체어리프트,신설동 방면1-1
신설동역,승강기- 휠체어리프트2,용두 방면1-1
신설동역,승강기- 휠체어리프트3,용두 방면4-4
신설동역,승강기- 휠체어리프트4,"환승통로(1,2호선)"
신설동역,승강기- 휠체어리프트5,"환승통로(1,2호선)"
신설동역,승강기- 휠체어리프트,10번 출입구
도림천역,승강기- 엘리베이터 ,신도림 방면4-4
도림천역,승강기- 엘리베이터 ,양천구청 방면2-4
양천구청역,승강기- 에스컬레이터,2번 출입구
양천구청역,승강기- 에스컬레이터,2번 출입구
양천구청역,승강기- 엘리베이터 ,신정네거리 방면4-1
양천구청역,승강기- 엘리베이터 ,도림천 방면3-3
양천구청역,승강기- 엘리베이터 ,1번 출입구
신정네거리역,승강기- 에스컬레이터,1번 출입구
신정네거리역,승강기- 에스컬레이터,1번 출입구
신정네거리역,승강기- 에스컬레이터,2번 출입구
신정네거리역,승강기- 에스컬레이터,2번 출입구
신정네거리역,승강기- 엘리베이터 ,까치산 방면4-1
신정네거리역,승강기- 엘리베이터 ,양천구청 방면3-4
신정네거리역,승강기- 엘리베이터 ,2번 출입구
신정네거리역,승강기- 휠체어리프트,"2,3번 출입구"
용두역,승강기- 에스컬레이터,신설동 방면2-4
용두역,승강기- 에스컬레이터,4번 출입구
용두역,승강기- 에스컬레이터,5번 출입구
용두역,승강기- 에스컬레이터,5번 출입구
용두역,승강기- 에스컬레이터,신답 방면3-1
용두역,승강기- 에스컬레이터,1번 출입구
용두역,승강기- 에스컬레이터,1번 출입구
용두역,승강기- 에스컬레이터,2번 출입구
용두역,승강기- 에스컬레이터,2번 출입구
용두역,승강기- 에스컬레이터,3번 출입구
용두역,승강기- 에스컬레이터,3번 출입구
용두역,승강기- 에스컬레이터,4번 출입구
용두역,승강기- 엘리베이터 ,신설동 방면4-3
용두역,승강기- 엘리베이터 ,신답 방면1-1
용두역,승강기- 엘리베이터 ,3번 출입구
용두역,승강기- 엘리베이터 ,4번 출입구
지축역,승강기- 엘리베이터 ,"삼송 방면9-3, 구파발 방면2-2"
구파발역,승강기- 에스컬레이터,3번 출입구
구파발역,승강기- 에스컬레이터,3번 출입구
구파발역,승강기- 에스컬레이터,2번 출입구
구파발역,승강기- 에스컬레이터,2번 출입구
구파발역,승강기- 엘리베이터 ,"지축 방면5-3, 연신내 방면6-2"
구파발역,승강기- 엘리베이터 ,1번 출입구
연신내역,승강기- 에스컬레이터,2번 출입구
연신내역,승강기- 에스컬레이터,2번 출입구
연신내역,승강기- 에스컬레이터,4번 출입구
연신내역,승강기- 에스컬레이터,4번 출입구
연신내역,승강기- 엘리베이터 ,"구파발 방면6-1, 불광 방면5-4"
불광역,승강기- 에스컬레이터,5번 출입구
불광역,승강기- 에스컬레이터,5번 출입구
불광역,승강기- 엘리베이터 ,연신내 방면3-3
불광역,승강기- 엘리베이터 ,녹번 방면8-2
불광역,승강기- 엘리베이터 ,1번 출입구
불광역,승강기- 엘리베이터 ,3번 출입구
녹번역,승강기- 에스컬레이터,1번 출입구
녹번역,승강기- 에스컬레이터,1번 출입구
녹번역,승강기- 엘리베이터 ,"불광 방면3-1, 홍제 방면8-4"
녹번역,승강기- 엘리베이터 ,3번 출입구
녹번역,승강기- 엘리베이터 ,1번 출입구
홍제역,승강기- 엘리베이터 ,"녹번 방면3-4, 무악재 방면8-1"
홍제역,승강기- 엘리베이터 ,4번 출입구
홍제역,승강기- 엘리베이터 ,1번 출입구
무악재역,승강기- 엘리베이터 ,홍제 방면3-3
무악재역,승강기- 엘리베이터 ,독립문 방면8-2
무악재역,승강기- 엘리베이터 ,1번 출입구
독립문역,승강기- 에스컬레이터,"무악재 방면4-4, 경복궁 방면7-1"
독립문역,승강기- 에스컬레이터,"무악재 방면7-4, 경복궁 방면4-1"
독립문역,승강기- 에스컬레이터,대합실(5번 출입구)
독립문역,승강기- 에스컬레이터,대합실(5번 출입구)
독립문역,승강기- 에스컬레이터,3-1번 출입구
독립문역,승강기- 에스컬레이터,3-1번 출입구
독립문역,승강기- 에스컬레이터,4번 출입구
독립문역,승강기- 에스컬레이터,4번 출입구
독립문역,승강기- 엘리베이터 ,"무악재 방면9-1, 경복궁 방면2-4"
독립문역,승강기- 엘리베이터 ,4번 출입구
경복궁역,승강기- 에스컬레이터,"안국 방면9-1, 독립문 방면2-4"
경복궁역,승강기- 에스컬레이터,3-1번 출입구
경복궁역,승강기- 에스컬레이터,"독립문 방면2-4, 안국 방면9-1"
경복궁역,승강기- 에스컬레이터,"안국 방면3-2, 독립문 방면8-3"
경복궁역,승강기- 에스컬레이터,"안국 방면3-2, 독립문 방면8-3"
경복궁역,승강기- 에스컬레이터,대합실
경복궁역,승강기- 에스컬레이터,대합실
경복궁역,승강기- 에스컬레이터,대합실
경복궁역,승강기- 에스컬레이터,대합실
경복궁역,승강기- 에스컬레이터,3-1번 출입구
경복궁역,승강기- 엘리베이터 ,"독립문 방면6-2, 안국 방면5-3"
경복궁역,승강기- 엘리베이터 ,4번 출입구
안국역,승강기- 에스컬레이터,"종로3가 방면7-2, 경복궁 방면4-3"
안국역,승강기- 에스컬레이터,5번 출입구
안국역,승강기- 에스컬레이터,"경복궁 방면4-3, 종로3가 방면7-2"
안국역,승강기- 에스컬레이터,"종로3가 방면4-4, 경복궁 방면7-1"
안국역,승강기- 에스컬레이터,"경복궁 방면7-1, 종로3가 방면4-4"
안국역,승강기- 에스컬레이터,대합실(5-1번 출입구)
안국역,승강기- 에스컬레이터,대합실(5-1번 출입구)
안국역,승강기- 에스컬레이터,"대합실(2,3,4,5번 출입구)"
안국역,승강기- 에스컬레이터,"대합실(2,3,4,5번 출입구)"
안국역,승강기- 에스컬레이터,5번 출입구
안국역,승강기- 엘리베이터 ,"경복궁 방면3-2, 종로3가 방면8-3"
안국역,승강기- 엘리베이터 ,6번 출입구
종로3가역,승강기- 무빙워크,3호선 환승통로(B3)
종로3가역,승강기- 무빙워크,3호선 환승통로(B3)
종로3가역,승강기- 에스컬레이터,환승통로(3호선)
종로3가역,승강기- 에스컬레이터,환승통로(1호선)
종로3가역,승강기- 에스컬레이터,"환승통로(3,5호선)"
종로3가역,승강기- 에스컬레이터,"환승통로(3,5호선)"
종로3가역,승강기- 에스컬레이터,"환승통로(1,3호선)"
종로3가역,승강기- 에스컬레이터,"환승통로(1,3호선)"
종로3가역,승강기- 엘리베이터 ,"안국 방면4-3, 을지로3가 방면7-1"
종로3가역,승강기- 엘리베이터 ,8번 출입구
을지로3가역,승강기- 에스컬레이터,"종로3가 방면4-2, 충무로 방면7-4"
을지로3가역,승강기- 에스컬레이터,"충무로 방면4-3, 종로3가 방면7-2"
을지로3가역,승강기- 엘리베이터 ,"종로3가 방면6-3, 충무로 방면5-2"
을지로3가역,승강기- 엘리베이터 ,10번 출입구
동대입구역,승강기- 에스컬레이터,6번 출입구
동대입구역,승강기- 에스컬레이터,6번 출입구
동대입구역,승강기- 에스컬레이터,5번 출입구
동대입구역,승강기- 에스컬레이터,5번 출입구
동대입구역,승강기- 엘리베이터 ,"충무로 방면3-1, 약수 방면8-4"
동대입구역,승강기- 엘리베이터 ,"대합실(F계단 측, 3~5번 출입구 방향)"
동대입구역,승강기- 엘리베이터 ,6번 출입구
동대입구역,승강기- 엘리베이터 ,2번 출입구
약수역,승강기- 에스컬레이터,5번 출입구
약수역,승강기- 에스컬레이터,5번 출입구
약수역,승강기- 엘리베이터 ,"동대입구 방면8-4, 금호 방면3-1"
약수역,승강기- 엘리베이터 ,3번 출입구
금호역,승강기- 에스컬레이터,3번 출입구
금호역,승강기- 에스컬레이터,3번 출입구
금호역,승강기- 에스컬레이터,2번 출입구
금호역,승강기- 에스컬레이터,2번 출입구
금호역,승강기- 에스컬레이터,4번 출입구
금호역,승강기- 에스컬레이터,4번 출입구
금호역,승강기- 엘리베이터 ,"약수 방면3-2, 옥수 방면8-3"
금호역,승강기- 엘리베이터 ,2번 출입구
금호역,승강기- 엘리베이터 ,3번 출입구 측
옥수역,승강기- 에스컬레이터,4번 출입구
옥수역,승강기- 에스컬레이터,4번 출입구
옥수역,승강기- 에스컬레이터,3번 출입구
옥수역,승강기- 에스컬레이터,3번 출입구
옥수역,승강기- 엘리베이터 ,금호 방면10-1
옥수역,승강기- 엘리베이터 ,압구정 방면1-2
옥수역,승강기- 엘리베이터 ,"5,6번 출입구"
압구정역,승강기- 에스컬레이터,1번 출입구
압구정역,승강기- 에스컬레이터,5번 출입구
압구정역,승강기- 에스컬레이터,1번 출입구
압구정역,승강기- 에스컬레이터,3번 출입구
압구정역,승강기- 에스컬레이터,3번 출입구
압구정역,승강기- 에스컬레이터,3번 출입구
압구정역,승강기- 에스컬레이터,3번 출입구
압구정역,승강기- 에스컬레이터,6번 출입구
압구정역,승강기- 에스컬레이터,6번 출입구
압구정역,승강기- 엘리베이터 ,옥수 방면8-2
압구정역,승강기- 엘리베이터 ,신사 방면3-2
압구정역,승강기- 엘리베이터 ,2번 출입구
압구정역,승강기- 엘리베이터 ,3번 출입구
신사역,승강기- 에스컬레이터,8번 출입구
신사역,승강기- 에스컬레이터,8번 출입구
신사역,승강기- 에스컬레이터,5번 출입구
신사역,승강기- 에스컬레이터,5번 출입구
신사역,승강기- 에스컬레이터,5번 출입구
신사역,승강기- 에스컬레이터,5번 출입구
신사역,승강기- 엘리베이터 ,압구정 방면3-1
신사역,승강기- 엘리베이터 ,잠원 방면8-3
신사역,승강기- 엘리베이터 ,1번 출입구
신사역,승강기- 엘리베이터 ,8번 출입구
잠원역,승강기- 엘리베이터 ,신사 방면3-3
잠원역,승강기- 엘리베이터 ,고속터미널 방면8-2
잠원역,승강기- 엘리베이터 ,1번 출입구
고속터미널역,승강기- 에스컬레이터,잠원 방면2-3
고속터미널역,승강기- 에스컬레이터,교대 방면2-3
고속터미널역,승강기- 에스컬레이터,교대 방면4-3
고속터미널역,승강기- 에스컬레이터,교대 방면4-3
고속터미널역,승강기- 에스컬레이터,교대 방면7-2
고속터미널역,승강기- 에스컬레이터,교대 방면7-2
고속터미널역,승강기- 에스컬레이터,교대 방면9-2
고속터미널역,승강기- 에스컬레이터,교대 방면9-2
고속터미널역,승강기- 에스컬레이터,대합실(경부선 환승통로 방면)
고속터미널역,승강기- 에스컬레이터,대합실(경부선 환승통로 방면)
고속터미널역,승강기- 에스컬레이터,대합실(경부선 환승통로 방면)
고속터미널역,승강기- 에스컬레이터,잠원 방면2-3
고속터미널역,승강기- 에스컬레이터,대합실(경부선 환승통로 방면)
고속터미널역,승강기- 에스컬레이터,대합실(경부선 환승통로 방면)
고속터미널역,승강기- 에스컬레이터,대합실(경부선 환승통로 방면)
고속터미널역,승강기- 에스컬레이터,대합실(경부선 환승통로 방면)
고속터미널역,승강기- 에스컬레이터,대합실(경부선 환승통로 방면)
고속터미널역,승강기- 에스컬레이터,잠원 방면4-3
고속터미널역,승강기- 에스컬레이터,잠원 방면4-3
고속터미널역,승강기- 에스컬레이터,잠원 방면7-2
고속터미널역,승강기- 에스컬레이터,잠원 방면7-2
고속터미널역,승강기- 에스컬레이터,잠원 방면9-2
고속터미널역,승강기- 에스컬레이터,잠원 방면9-2
고속터미널역,승강기- 에스컬레이터,교대 방면2-3
고속터미널역,승강기- 엘리베이터 ,잠원 방면8-2
고속터미널역,승강기- 엘리베이터 ,교대 방면3-3
고속터미널역,승강기- 휠체어리프트,환승통로(경부선)
교대역,승강기- 에스컬레이터,"고속터미널 방면3-2, 남부터미널 방면8-3"
교대역,승강기- 에스컬레이터,"고속터미널 방면3-2, 남부터미널 방면8-3"
교대역,승강기- 엘리베이터 ,"고속터미널 방면4-2, 남부터미널 방면7-3"
교대역,승강기- 엘리베이터 ,13번 출입구
교대역,승강기- 휠체어리프트,"B1층 2,3호선 연결계단"
남부터미널역,승강기- 에스컬레이터,6번 출입구
남부터미널역,승강기- 에스컬레이터,6번 출입구
남부터미널역,승강기- 엘리베이터 ,교대 방면3-2
남부터미널역,승강기- 엘리베이터 ,양재 방면8-2
남부터미널역,승강기- 엘리베이터 ,5번 출입구
양재역,승강기- 에스컬레이터,5번 출입구
양재역,승강기- 에스컬레이터,5번 출입구
양재역,승강기- 엘리베이터 ,남부터미널 방면3-1
양재역,승강기- 엘리베이터 ,매봉 방면8-4
양재역,승강기- 엘리베이터 ,4번 출입구
양재역,승강기- 엘리베이터 ,11번 출입구
양재역,승강기- 엘리베이터 ,1번 출입구
매봉역,승강기- 에스컬레이터,4번 출입구
매봉역,승강기- 에스컬레이터,4번 출입구
매봉역,승강기- 에스컬레이터,1번 출입구
매봉역,승강기- 에스컬레이터,1번 출입구
매봉역,승강기- 엘리베이터 ,양재 방면5-4
매봉역,승강기- 엘리베이터 ,도곡 방면6-1
매봉역,승강기- 엘리베이터 ,1번 출입구
도곡역,승강기- 에스컬레이터,매봉 방면4-1
도곡역,승강기- 에스컬레이터,매봉 방면4-1
도곡역,승강기- 에스컬레이터,매봉 방면7-4
도곡역,승강기- 에스컬레이터,매봉 방면7-4
도곡역,승강기- 에스컬레이터,대치 방면4-1
도곡역,승강기- 에스컬레이터,대치 방면4-1
도곡역,승강기- 에스컬레이터,대치 방면7-4
도곡역,승강기- 에스컬레이터,대치 방면7-4
대치역,승강기- 에스컬레이터,"도곡 방면1-1, 학여울 방면10-4"
대치역,승강기- 에스컬레이터,"도곡 방면1-1, 학여울 방면10-4"
대치역,승강기- 에스컬레이터,"도곡 방면10-4, 학여울 방면1-1"
대치역,승강기- 에스컬레이터,"도곡 방면10-4, 학여울 방면1-1"
대치역,승강기- 에스컬레이터,4번 출입구
대치역,승강기- 에스컬레이터,4번 출입구
대치역,승강기- 에스컬레이터,8번 출입구
대치역,승강기- 에스컬레이터,8번 출입구
대치역,승강기- 엘리베이터 ,"도곡 방면1-1, 학여울 방면10-4"
대치역,승강기- 엘리베이터 ,7번 출입구
학여울역,승강기- 에스컬레이터,대합실(1번출입구 방면)
학여울역,승강기- 에스컬레이터,대합실(1번출입구 방면)
학여울역,승강기- 엘리베이터 ,대치 방면5-4
학여울역,승강기- 엘리베이터 ,대청 방면6-1
학여울역,승강기- 엘리베이터 ,1번 출입구
대청역,승강기- 에스컬레이터,6번 출입구
대청역,승강기- 에스컬레이터,6번 출입구
대청역,승강기- 에스컬레이터,3번 출입구
대청역,승강기- 에스컬레이터,3번 출입구
대청역,승강기- 엘리베이터 ,학여울 방면4-4
대청역,승강기- 엘리베이터 ,일원 방면7-1
대청역,승강기- 엘리베이터 ,8번 출입구
일원역,승강기- 에스컬레이터,1번 출입구
일원역,승강기- 에스컬레이터,1번 출입구
일원역,승강기- 에스컬레이터,2번 출입구
일원역,승강기- 에스컬레이터,3번 출입구
일원역,승강기- 에스컬레이터,6번 출입구
일원역,승강기- 에스컬레이터,6번 출입구
일원역,승강기- 엘리베이터 ,대청 방면6-3
일원역,승강기- 엘리베이터 ,수서 방면5-2
일원역,승강기- 엘리베이터 ,1번 출입구
일원역,승강기- 엘리베이터 ,1번 출입구
수서역,승강기- 에스컬레이터,1번 출입구
수서역,승강기- 에스컬레이터,가락시장 방면2-2
수서역,승강기- 에스컬레이터,5번 출입구
수서역,승강기- 에스컬레이터,5번 출입구
수서역,승강기- 에스컬레이터,1번 출입구
수서역,승강기- 에스컬레이터,2번 출입구
수서역,승강기- 에스컬레이터,2번 출입구
수서역,승강기- 에스컬레이터,6번 출입구
수서역,승강기- 에스컬레이터,6번 출입구
수서역,승강기- 에스컬레이터,일원 방면9-3
수서역,승강기- 에스컬레이터,일원 방면9-3
수서역,승강기- 에스컬레이터,가락시장 방면2-2
수서역,승강기- 엘리베이터 ,가락시장 방면3-2
수서역,승강기- 엘리베이터 ,일원 방면8-3
수서역,승강기- 엘리베이터 ,1번 출입구
수서역,승강기- 엘리베이터 ,5번 출입구
가락시장역,승강기- 에스컬레이터,수서 방면4-4
가락시장역,승강기- 에스컬레이터,경찰병원 방면3-2
가락시장역,승강기- 에스컬레이터,경찰병원 방면5-2
가락시장역,승강기- 에스컬레이터,경찰병원 방면5-2
가락시장역,승강기- 에스컬레이터,경찰병원 방면7-1
가락시장역,승강기- 에스컬레이터,경찰병원 방면7-1
가락시장역,승강기- 에스컬레이터,대합실(2번출입구 방면)
가락시장역,승강기- 에스컬레이터,대합실(2번출입구 방면)
가락시장역,승강기- 에스컬레이터,대합실(2번출입구 방면)
가락시장역,승강기- 에스컬레이터,대합실(2번출입구 방면)
가락시장역,승강기- 에스컬레이터,7번 출입구
가락시장역,승강기- 에스컬레이터,수서 방면4-4
가락시장역,승강기- 에스컬레이터,7번 출입구
가락시장역,승강기- 에스컬레이터,8번 출입구
가락시장역,승강기- 에스컬레이터,8번 출입구
가락시장역,승강기- 에스컬레이터,수서 방면6-3
가락시장역,승강기- 에스컬레이터,수서 방면6-3
가락시장역,승강기- 에스컬레이터,수서 방면8-3
가락시장역,승강기- 에스컬레이터,수서 방면8-3
가락시장역,승강기- 에스컬레이터,수서 방면10-1
가락시장역,승강기- 에스컬레이터,경찰병원 방면2-1
가락시장역,승강기- 에스컬레이터,경찰병원 방면3-2
가락시장역,승강기- 엘리베이터 ,수서 방면8-2
가락시장역,승강기- 엘리베이터 ,경찰병원 방면3-2
가락시장역,승강기- 엘리베이터 ,7번 출입구
경찰병원역,승강기- 에스컬레이터,가락시장 방면2-1
경찰병원역,승강기- 에스컬레이터,오금 방면5-3
경찰병원역,승강기- 에스컬레이터,오금 방면9-4
경찰병원역,승강기- 에스컬레이터,오금 방면9-4
경찰병원역,승강기- 에스컬레이터,1번 출입구
경찰병원역,승강기- 에스컬레이터,1번 출입구
경찰병원역,승강기- 에스컬레이터,2번 출입구
경찰병원역,승강기- 에스컬레이터,2번 출입구
경찰병원역,승강기- 에스컬레이터,"3,4번 출입구 사이"
경찰병원역,승강기- 에스컬레이터,"3,4번 출입구 사이"
경찰병원역,승강기- 에스컬레이터,3번 출입구
경찰병원역,승강기- 에스컬레이터,가락시장 방면2-1
경찰병원역,승강기- 에스컬레이터,3번 출입구
경찰병원역,승강기- 에스컬레이터,가락시장 방면6-2
경찰병원역,승강기- 에스컬레이터,가락시장 방면6-2
경찰병원역,승강기- 에스컬레이터,가락시장 방면7-4
경찰병원역,승강기- 에스컬레이터,가락시장 방면7-4
경찰병원역,승강기- 에스컬레이터,오금 방면4-1
경찰병원역,승강기- 에스컬레이터,오금 방면4-1
경찰병원역,승강기- 에스컬레이터,오금 방면5-3
경찰병원역,승강기- 엘리베이터 ,가락시장 방면4-2
경찰병원역,승강기- 엘리베이터 ,오금 방면 7-3
경찰병원역,승강기- 엘리베이터 ,1번 출입구
경찰병원역,승강기- 엘리베이터 ,3번 출입구
오금역,승강기- 에스컬레이터,경찰병원 방면2-2
오금역,승강기- 에스컬레이터,오금 방면9-3
오금역,승강기- 에스컬레이터,환승통로(5호선)
오금역,승강기- 에스컬레이터,환승통로(5호선)
오금역,승강기- 에스컬레이터,1번 출입구
오금역,승강기- 에스컬레이터,1번 출입구
오금역,승강기- 에스컬레이터,2번 출입구
오금역,승강기- 에스컬레이터,경찰병원 방면2-2
오금역,승강기- 에스컬레이터,경찰병원 방면4-2
오금역,승강기- 에스컬레이터,경찰병원 방면4-2
오금역,승강기- 에스컬레이터,경찰병원 방면7-1
오금역,승강기- 에스컬레이터,오금 방면4-4
오금역,승강기- 에스컬레이터,오금 방면7-3
오금역,승강기- 에스컬레이터,오금 방면7-3
오금역,승강기- 에스컬레이터,오금 방면9-3
오금역,승강기- 엘리베이터 ,경찰병원 방면5-1
오금역,승강기- 엘리베이터 ,오금 방면6-4
오금역,승강기- 엘리베이터 ,1번 출입구
당고개역,승강기- 에스컬레이터,별내별가람 방면3-1
당고개역,승강기- 에스컬레이터,별내별가람 방면3-1
당고개역,승강기- 에스컬레이터,"1,4번 출입구"
당고개역,승강기- 에스컬레이터,"1,4번 출입구"
당고개역,승강기- 엘리베이터 ,상계 방면5-4
당고개역,승강기- 엘리베이터 ,1번 출입구
당고개역,승강기- 엘리베이터 ,별내별가람 방면6-1
상계역,승강기- 에스컬레이터,1번 출입구
상계역,승강기- 에스컬레이터,1번 출입구
상계역,승강기- 에스컬레이터,노원 방면2-1
상계역,승강기- 에스컬레이터,노원 방면2-1
상계역,승강기- 엘리베이터 ,"대합실(1,2번 출입구 사이)"
상계역,승강기- 휠체어리프트,당고개 방면3-1
상계역,승강기- 휠체어리프트2,노원 방면8-3
노원역,승강기- 에스컬레이터,1번 출입구
노원역,승강기- 에스컬레이터,1번 출입구
노원역,승강기- 에스컬레이터,2번 출입구
노원역,승강기- 에스컬레이터,2번 출입구
노원역,승강기- 에스컬레이터,9번 출입구
노원역,승강기- 에스컬레이터,9번 출입구
노원역,승강기- 에스컬레이터,창동 방면2-4
노원역,승강기- 에스컬레이터,창동 방면2-4
노원역,승강기- 엘리베이터 ,상계 방면8-4
노원역,승강기- 엘리베이터 ,2번 출입구
노원역,승강기- 엘리베이터 ,9번 출입구
창동역,승강기- 에스컬레이터,1번 출입구
창동역,승강기- 에스컬레이터,1번 출입구
창동역,승강기- 에스컬레이터,1번 출입구(주민통로)
창동역,승강기- 에스컬레이터,1번 출입구(주민통로)
창동역,승강기- 에스컬레이터,2번 출입구
창동역,승강기- 에스컬레이터,2번 출입구
창동역,승강기- 엘리베이터 ,노원 방면2-4
창동역,승강기- 엘리베이터 ,노원 방면8-3
창동역,승강기- 엘리베이터 ,쌍문 방면3-2
창동역,승강기- 엘리베이터 ,쌍문 방면8-4
창동역,승강기- 엘리베이터 ,쌍문방면6-1(1호선 소요산방면)
창동역,승강기- 엘리베이터 ,쌍문방면6-1(1호선 인천방면)
창동역,승강기- 엘리베이터 ,1번 출입구
창동역,승강기- 엘리베이터 ,2번 출입구
창동역,승강기- 휠체어리프트3,"연결통로(1호선, 2번출입구)"
창동역,승강기- 휠체어리프트6,"연결통로(1호선, 1번출입구)"
쌍문역,승강기- 에스컬레이터,4번 출입구
쌍문역,승강기- 에스컬레이터,4번 출입구
쌍문역,승강기- 에스컬레이터,2번 출입구
쌍문역,승강기- 에스컬레이터,2번 출입구
쌍문역,승강기- 에스컬레이터,3번 출입구
쌍문역,승강기- 에스컬레이터,3번 출입구
쌍문역,승강기- 엘리베이터 ,창동 방면8-2
쌍문역,승강기- 엘리베이터 ,수유 방면3-4
쌍문역,승강기- 엘리베이터 ,1번 출입구
수유역,승강기- 에스컬레이터,3번 출입구
수유역,승강기- 에스컬레이터,3번 출입구
수유역,승강기- 에스컬레이터,8번 출입구
수유역,승강기- 에스컬레이터,8번 출입구
수유역,승강기- 엘리베이터 ,쌍문 방면7-1
수유역,승강기- 엘리베이터 ,미아 방면4-4
수유역,승강기- 엘리베이터 ,"1,2번 출입구 사이"
미아역,승강기- 에스컬레이터,3번 출입구
미아역,승강기- 에스컬레이터,3번 출입구
미아역,승강기- 에스컬레이터,1번 출입구
미아역,승강기- 에스컬레이터,1번 출입구
미아역,승강기- 에스컬레이터,6번 출입구
미아역,승강기- 에스컬레이터,6번 출입구
미아역,승강기- 엘리베이터 ,수유 방면8-2
미아역,승강기- 엘리베이터 ,미아사거리 방면3-4
미아역,승강기- 엘리베이터 ,"1,2번 출입구 사이"
미아사거리역,승강기- 에스컬레이터,3번 출입구
미아사거리역,승강기- 에스컬레이터,3번 출입구
미아사거리역,승강기- 엘리베이터 ,미아 방면3-1
미아사거리역,승강기- 엘리베이터 ,길음 방면8-3
길음역,승강기- 에스컬레이터,2번 출입구
길음역,승강기- 에스컬레이터,3번 출입구
길음역,승강기- 에스컬레이터,3번 출입구
길음역,승강기- 엘리베이터 ,미아사거리 방면6-1
길음역,승강기- 엘리베이터 ,5번 출입구
길음역,승강기- 엘리베이터 ,4번 출입구
성신여대입구역,승강기- 에스컬레이터,1번 출입구
성신여대입구역,승강기- 에스컬레이터,1번 출입구
성신여대입구역,승강기- 에스컬레이터,4번 출입구
성신여대입구역,승강기- 에스컬레이터,4번 출입구
성신여대입구역,승강기- 엘리베이터 ,길음 방면8-2
성신여대입구역,승강기- 엘리베이터 ,한성대입구 방면3-4
성신여대입구역,승강기- 엘리베이터 ,2번 출입구
성신여대입구역,승강기- 엘리베이터 ,3번 출입구
한성대입구역,승강기- 에스컬레이터,5번 출입구
한성대입구역,승강기- 에스컬레이터,5번 출입구
한성대입구역,승강기- 엘리베이터 ,성신여대입구 방면6-1
한성대입구역,승강기- 엘리베이터 ,"3,4번 출입구 사이"
한성대입구역,승강기- 엘리베이터 ,5번 출입구
혜화역,승강기- 에스컬레이터,1번 출입구
혜화역,승강기- 에스컬레이터,1번 출입구
혜화역,승강기- 에스컬레이터,3번 출입구
혜화역,승강기- 에스컬레이터,3번 출입구
혜화역,승강기- 엘리베이터 ,한성대입구 방면7-4
혜화역,승강기- 엘리베이터 ,동대문(4) 방면3-4
혜화역,승강기- 엘리베이터 ,2번 출입구
혜화역,승강기- 엘리베이터 ,3번 출입구
동대문역,승강기- 에스컬레이터,동대문역사문화공원 방면7-4
동대문역,승강기- 에스컬레이터,9번 출입구
동대문역,승강기- 에스컬레이터,혜화 방면4-1
동대문역,승강기- 에스컬레이터,동대문역사문화공원 방면3-3
동대문역,승강기- 에스컬레이터,혜화 방면8-2
동대문역,승강기- 에스컬레이터,대합실
동대문역,승강기- 에스컬레이터,대합실
동대문역,승강기- 에스컬레이터,8번 출입구
동대문역,승강기- 에스컬레이터,8번 출입구
동대문역,승강기- 에스컬레이터,9번 출입구
동대문역,승강기- 엘리베이터 ,혜화 방면6-3
동대문역,승강기- 엘리베이터 ,9번 출입구
동대문역사문화공원역,승강기- 에스컬레이터,충무로 방면8-3
동대문역사문화공원역,승강기- 에스컬레이터,동대문 방면3-1
동대문역사문화공원역,승강기- 에스컬레이터,동대문 방면6-3
동대문역사문화공원역,승강기- 에스컬레이터,충무로 방면5-2
동대문역사문화공원역,승강기- 에스컬레이터,충무로 방면2-4
동대문역사문화공원역,승강기- 에스컬레이터,동대문 방면9-1
동대문역사문화공원역,승강기- 엘리베이터 ,동대문(4) 방면4-4
동대문역사문화공원역,승강기- 엘리베이터 ,4번 출입구
충무로역,승강기- 에스컬레이터,동대문역사문화공원 방면4-2
충무로역,승강기- 에스컬레이터,대합실(동대문역사문화공원 방면4-2)
충무로역,승강기- 에스컬레이터,대합실(동대문역사문화공원 방면6-3)
충무로역,승강기- 에스컬레이터,대합실(동대문역사문화공원 방면6-3)
충무로역,승강기- 에스컬레이터,대합실(명동 방면5-2)
충무로역,승강기- 에스컬레이터,대합실(명동 방면5-2)
충무로역,승강기- 에스컬레이터,대합실(명동 방면7-2)
충무로역,승강기- 에스컬레이터,대합실(명동 방면7-2)
충무로역,승강기- 에스컬레이터,환승통로(동대입구 방면5-2)
충무로역,승강기- 에스컬레이터,환승통로(동대입구 방면5-2)
충무로역,승강기- 에스컬레이터,환승통로(을지로3가 방면6-3)
충무로역,승강기- 에스컬레이터,동대문역사문화공원 방면4-2
충무로역,승강기- 에스컬레이터,환승통로(을지로3가 방면6-3)
충무로역,승강기- 에스컬레이터,1번 출입구
충무로역,승강기- 에스컬레이터,1번 출입구
충무로역,승강기- 에스컬레이터,(1F) 5번 출입구 근처
충무로역,승강기- 에스컬레이터,(1F) 5번 출입구 근처
충무로역,승강기- 에스컬레이터,명동 방면6-3
충무로역,승강기- 에스컬레이터,동대문역사문화공원 방면6-3
충무로역,승강기- 에스컬레이터,명동 방면5-2
충무로역,승강기- 에스컬레이터,동대문역사문화공원 방면5-2
충무로역,승강기- 에스컬레이터,동대문역사문화공원 방면7-2
충무로역,승강기- 에스컬레이터,대합실(동대문역사문화공원 방면4-2)
충무로역,승강기- 엘리베이터 ,동대문역사문화공원 방면8-1
충무로역,승강기- 엘리베이터 ,명동 방면3-3
충무로역,승강기- 엘리베이터 ,대합실(B3)
충무로역,승강기- 엘리베이터 ,7번 출입구
명동역,승강기- 에스컬레이터,회현 방면10-4
명동역,승강기- 에스컬레이터,충무로 방면10-4
명동역,승강기- 에스컬레이터,회현 방면1-1
명동역,승강기- 에스컬레이터,1번 출입구
명동역,승강기- 에스컬레이터,1번 출입구
명동역,승강기- 엘리베이터 ,대합실
명동역,승강기- 엘리베이터 ,1번 출입구
회현역,승강기- 에스컬레이터,서울역 방면10-4
회현역,승강기- 에스컬레이터,명동 방면1-1
회현역,승강기- 에스컬레이터,명동 방면6-4
회현역,승강기- 에스컬레이터,서울역 방면4-4
회현역,승강기- 에스컬레이터,서울역 방면1-4
회현역,승강기- 에스컬레이터,명동 방면9-4
회현역,승강기- 엘리베이터 ,"서울역 방면1-4,명동 방면10-1"
회현역,승강기- 엘리베이터 ,"3,4,5번 출입구 중심"
서울역역,승강기- 에스컬레이터,숙대입구 방면10-4
서울역역,승강기- 에스컬레이터,회현 방면1-1
서울역역,승강기- 에스컬레이터,9-1번 출입구(교통섬) 측
서울역역,승강기- 에스컬레이터,9-1번 출입구(교통섬) 측
서울역역,승강기- 엘리베이터 ,회현 방면9-1
서울역역,승강기- 엘리베이터 ,12번 출입구
숙대입구역,승강기- 엘리베이터 ,서울역(4) 방면8-1
숙대입구역,승강기- 엘리베이터 ,삼각지 방면3-3
숙대입구역,승강기- 엘리베이터 ,10번 출입구
삼각지역,승강기- 에스컬레이터,2번 출입구
삼각지역,승강기- 에스컬레이터,2번 출입구
삼각지역,승강기- 에스컬레이터,5번 출입구
삼각지역,승강기- 에스컬레이터,5번 출입구
삼각지역,승강기- 엘리베이터 ,숙대입구 방면4-3
삼각지역,승강기- 엘리베이터 ,신용산 방면7-2
삼각지역,승강기- 엘리베이터 ,"1,2번 출입구"
삼각지역,승강기- 엘리베이터 ,"5,6번 출입구"
삼각지역,승강기- 엘리베이터 ,3번 출입구
신용산역,승강기- 에스컬레이터,5번 출입구
신용산역,승강기- 에스컬레이터,5번 출입구
신용산역,승강기- 에스컬레이터,3번 출입구
신용산역,승강기- 에스컬레이터,4번 출입구
신용산역,승강기- 에스컬레이터,4번 출입구
신용산역,승강기- 에스컬레이터,1번 출입구
신용산역,승강기- 에스컬레이터,1번 출입구
신용산역,승강기- 에스컬레이터,1번 출입구
신용산역,승강기- 에스컬레이터,1번 출입구
신용산역,승강기- 엘리베이터 ,삼각지 방면8-2
신용산역,승강기- 엘리베이터 ,이촌 방면3-2
신용산역,승강기- 엘리베이터 ,1번 출입구
신용산역,승강기- 엘리베이터 ,4번 출입구
이촌역,승강기- 에스컬레이터,1번 출입구
이촌역,승강기- 에스컬레이터,1번 출입구
이촌역,승강기- 에스컬레이터,2번 출입구
이촌역,승강기- 에스컬레이터,2번 출입구
이촌역,승강기- 엘리베이터 ,신용산 방면8-1
이촌역,승강기- 엘리베이터 ,동작 방면3-3
이촌역,승강기- 엘리베이터 ,환승통로
이촌역,승강기- 엘리베이터 ,1번 출입구
이촌역,승강기- 엘리베이터 ,2번 출입구
동작역,승강기- 엘리베이터 ,이촌 방면7-4
동작역,승강기- 엘리베이터 ,총신대입구 방면4-4
총신대입구역,승강기- 에스컬레이터,14번 출입구
총신대입구역,승강기- 에스컬레이터,14번 출입구
총신대입구역,승강기- 에스컬레이터,1번 출입구
총신대입구역,승강기- 에스컬레이터,1번 출입구
총신대입구역,승강기- 엘리베이터 ,동작 방면7-3
총신대입구역,승강기- 엘리베이터 ,사당(4) 방면8-3
총신대입구역,승강기- 엘리베이터 ,1번 출입구
총신대입구역,승강기- 엘리베이터 ,14번 출입구
사당역,승강기- 에스컬레이터,남태령 방면1-1
사당역,승강기- 에스컬레이터,4번 출입구
사당역,승강기- 에스컬레이터,4번 출입구
사당역,승강기- 에스컬레이터,9번 출입구
사당역,승강기- 에스컬레이터,9번 출입구
사당역,승강기- 에스컬레이터,3번 출입구
사당역,승강기- 에스컬레이터,3번 출입구
사당역,승강기- 엘리베이터 ,총신대입구 방면9-2
사당역,승강기- 엘리베이터 ,"9,10번 출입구 사이"
사당역,승강기- 휠체어리프트,"연결통로(2,4호선, 대합실)"
남태령역,승강기- 에스컬레이터,사당 방면8-3
남태령역,승강기- 에스컬레이터,선바위 방면3-2
남태령역,승강기- 엘리베이터 ,사당 방면3-3
남태령역,승강기- 엘리베이터 ,1번 출입구
남태령역,승강기- 엘리베이터 ,2번 출입구
방화역,승강기- 에스컬레이터,"1,2번 출입구 사이(중간계단)"
방화역,승강기- 에스컬레이터,"1,2번 출입구 사이(중간계단)"
방화역,승강기- 에스컬레이터,1번 출입구
방화역,승강기- 에스컬레이터,1번 출입구
방화역,승강기- 에스컬레이터,2번 출입구
방화역,승강기- 에스컬레이터,2번 출입구
방화역,승강기- 엘리베이터,방화 방면4-1
방화역,승강기- 엘리베이터,개화산 방면5-4
방화역,승강기- 엘리베이터,2번 출입구
개화산역,승강기- 엘리베이터,1번 출입구(대합실 내)
개화산역,승강기- 엘리베이터,2번 출입구(대합실 내)
김포공항역,승강기- 에스컬레이터,개화산 방면3-4
김포공항역,승강기- 에스컬레이터,개화산 방면3-4
김포공항역,승강기- 에스컬레이터,송정 방면3-4
김포공항역,승강기- 에스컬레이터,송정 방면3-4
김포공항역,승강기- 에스컬레이터,개화산 방면5-4
김포공항역,승강기- 에스컬레이터,개화산 방면5-4
김포공항역,승강기- 에스컬레이터,송정 방면5-4
김포공항역,승강기- 에스컬레이터,송정 방면5-4
김포공항역,승강기- 엘리베이터,개화산 방면6-3
김포공항역,승강기- 엘리베이터,송정 방면3-1
송정역,승강기- 에스컬레이터,대합실(화장실 측)
송정역,승강기- 에스컬레이터,대합실(화장실 측)
송정역,승강기- 에스컬레이터,4번 출입구
송정역,승강기- 에스컬레이터,4번 출입구
송정역,승강기- 엘리베이터,김포공항 방면5-1
송정역,승강기- 엘리베이터,마곡 방면5-1
송정역,승강기- 엘리베이터,2번 출입구
송정역,승강기- 엘리베이터,3번 출입구
마곡역,승강기- 에스컬레이터,1번 출입구
마곡역,승강기- 에스컬레이터,4번 출입구
마곡역,승강기- 에스컬레이터,5번 출입구
마곡역,승강기- 에스컬레이터,5번 출입구
마곡역,승강기- 에스컬레이터,1번 출입구
마곡역,승강기- 에스컬레이터,7번 출입구
마곡역,승강기- 에스컬레이터,7번 출입구
마곡역,승강기- 에스컬레이터,6번 출입구
마곡역,승강기- 에스컬레이터,6번 출입구
마곡역,승강기- 에스컬레이터,3번 출입구
마곡역,승강기- 에스컬레이터,3번 출입구
마곡역,승강기- 에스컬레이터,4번 출입구
마곡역,승강기- 엘리베이터,송정 방면4-4
마곡역,승강기- 엘리베이터,발산 방면5-1
마곡역,승강기- 엘리베이터,1번 출입구
마곡역,승강기- 엘리베이터,"6,7번 출입구 사이"
마곡역,승강기- 엘리베이터,3번 출입구
마곡역,승강기- 엘리베이터,"4,5번 출입구 사이"
발산역,승강기- 엘리베이터,송정 방면5-1
발산역,승강기- 엘리베이터,우장산 방면4-3
발산역,승강기- 엘리베이터,7번 출입구
우장산역,승강기- 에스컬레이터,1번 출입구
우장산역,승강기- 에스컬레이터,2번 출입구
우장산역,승강기- 에스컬레이터,3번 출입구
우장산역,승강기- 에스컬레이터,3번 출입구
우장산역,승강기- 엘리베이터,발산 방면4-2
우장산역,승강기- 엘리베이터,화곡 방면5-3
우장산역,승강기- 엘리베이터,1번 출입구
화곡역,승강기- 에스컬레이터,"3,4번 출입구 사이"
화곡역,승강기- 에스컬레이터,"3,4번 출입구 사이"
화곡역,승강기- 에스컬레이터,3번 출입구
화곡역,승강기- 에스컬레이터,3번 출입구
화곡역,승강기- 엘리베이터,까치산 방면4-3
화곡역,승강기- 엘리베이터,2번 출입구
까치산역,승강기- 에스컬레이터,화곡 방면2-3
까치산역,승강기- 에스컬레이터,1번 출입구
까치산역,승강기- 에스컬레이터,3번 출입구
까치산역,승강기- 에스컬레이터,3번 출입구
까치산역,승강기- 에스컬레이터,화곡 방면2-3
까치산역,승강기- 에스컬레이터,신정 방면7-2
까치산역,승강기- 에스컬레이터,신정 방면7-2
까치산역,승강기- 에스컬레이터,화곡 방면7-3
까치산역,승강기- 에스컬레이터,화곡 방면7-3
까치산역,승강기- 에스컬레이터,신정 방면2-2
까치산역,승강기- 에스컬레이터,신정 방면2-2
까치산역,승강기- 에스컬레이터,1번 출입구
까치산역,승강기- 엘리베이터,"대합실(1,2,3,4번 출입구 화장실 방향)"
까치산역,승강기- 엘리베이터,고객안전실 측
까치산역,승강기- 휠체어리프트,화곡 방면1-2
까치산역,승강기- 휠체어리프트,2번 출입구
까치산역,승강기- 휠체어리프트,2번 출입구
신정역,승강기- 에스컬레이터,까치산 방면1-1
신정역,승강기- 에스컬레이터,1번 출입구
신정역,승강기- 에스컬레이터,까치산 방면1-1
신정역,승강기- 에스컬레이터,목동 방면8-4
신정역,승강기- 에스컬레이터,목동 방면8-4
신정역,승강기- 에스컬레이터,"대합실(1,4,5번 출입구 방향)"
신정역,승강기- 에스컬레이터,"대합실(1,4,5번 출입구 방향)"
신정역,승강기- 에스컬레이터,1번 출입구
신정역,승강기- 에스컬레이터,1번 출입구
신정역,승강기- 에스컬레이터,1번 출입구
신정역,승강기- 엘리베이터,까치산 방면8-1
신정역,승강기- 엘리베이터,목동 방면1-4
목동역,승강기- 에스컬레이터,1번 출입구
목동역,승강기- 에스컬레이터,1번 출입구
목동역,승강기- 에스컬레이터,3번 출입구
목동역,승강기- 에스컬레이터,3번 출입구
목동역,승강기- 엘리베이터,신정 방면5-1
목동역,승강기- 엘리베이터,오목교 방면4-4
목동역,승강기- 엘리베이터,5번 출입구
오목교역,승강기- 에스컬레이터,3번 출입구
오목교역,승강기- 에스컬레이터,양평 방면3-2
오목교역,승강기- 에스컬레이터,1번 출입구
오목교역,승강기- 에스컬레이터,5번 출입구
오목교역,승강기- 에스컬레이터,"대합실(1,3출입구방향 통로)"
오목교역,승강기- 에스컬레이터,"대합실(1,3출입구방향 통로)"
오목교역,승강기- 에스컬레이터,1번 출입구
오목교역,승강기- 에스컬레이터,목동 방면6-3
오목교역,승강기- 에스컬레이터,목동 방면6-3
오목교역,승강기- 에스컬레이터,양평 방면3-2
오목교역,승강기- 엘리베이터,목동 방면7-1
오목교역,승강기- 엘리베이터,양평 방면2-4
오목교역,승강기- 엘리베이터,7번 출입구
양평역,승강기- 에스컬레이터,고객안전실 측(지하1층)
양평역,승강기- 에스컬레이터,고객안전실 측(지하1층)
양평역,승강기- 에스컬레이터,고객안전실 측(지하1층)
양평역,승강기- 에스컬레이터,고객안전실 측(지하1층)
양평역,승강기- 에스컬레이터,2번 출입구
양평역,승강기- 에스컬레이터,2번 출입구
양평역,승강기- 에스컬레이터,"대합실(E/L 1,2호기 앞)"
양평역,승강기- 에스컬레이터,"대합실(E/L 1,2호기 앞)"
양평역,승강기- 엘리베이터,오목교 방면3-2
양평역,승강기- 엘리베이터,영등포구청 방면6-3
양평역,승강기- 엘리베이터,2번 출입구
영등포구청역,승강기- 에스컬레이터,대합실
영등포구청역,승강기- 에스컬레이터,영등포시장 방면2-3
영등포구청역,승강기- 에스컬레이터,7번 출입구
영등포구청역,승강기- 에스컬레이터,7번 출입구
영등포구청역,승강기- 에스컬레이터,7번 출입구(중간계단)
영등포구청역,승강기- 에스컬레이터,7번 출입구(중간계단)
영등포구청역,승강기- 에스컬레이터,대합실
영등포구청역,승강기- 에스컬레이터,대합실
영등포구청역,승강기- 에스컬레이터,대합실
영등포구청역,승강기- 에스컬레이터,환승통로(2호선)
영등포구청역,승강기- 에스컬레이터,환승통로(2호선)
영등포구청역,승강기- 에스컬레이터,환승통로(2호선)
영등포구청역,승강기- 에스컬레이터,양평 방면7-2
영등포구청역,승강기- 에스컬레이터,양평 방면7-2
영등포구청역,승강기- 엘리베이터,"6,7번 출입구 사이(공영주차장입구)"
영등포구청역,승강기- 엘리베이터,영등포시장 방면5-4
영등포구청역,승강기- 엘리베이터,양평 방면8-4
영등포구청역,승강기- 엘리베이터,영등포시장 방면1-1
영등포구청역,승강기- 휠체어리프트,영등포시장 방면2-3
영등포시장역,승강기- 에스컬레이터,대합실
영등포시장역,승강기- 에스컬레이터,대합실
영등포시장역,승강기- 에스컬레이터,대합실
영등포시장역,승강기- 에스컬레이터,대합실
영등포시장역,승강기- 에스컬레이터,대합실
영등포시장역,승강기- 에스컬레이터,대합실
영등포시장역,승강기- 에스컬레이터,2번 출입구
영등포시장역,승강기- 에스컬레이터,2번 출입구
영등포시장역,승강기- 엘리베이터,영등포구청 방면4-3
영등포시장역,승강기- 엘리베이터,신길 방면5-2
영등포시장역,승강기- 엘리베이터,2번 출입구
신길역,승강기- 에스컬레이터,3번 출입구
신길역,승강기- 에스컬레이터,3번 출입구
신길역,승강기- 에스컬레이터,환승통로(1호선)
신길역,승강기- 에스컬레이터,환승통로(1호선)
신길역,승강기- 에스컬레이터,환승통로(1호선)
신길역,승강기- 에스컬레이터,환승통로(1호선)
신길역,승강기- 에스컬레이터,영등포시장 방면7-3
신길역,승강기- 에스컬레이터,영등포시장 방면7-3
신길역,승강기- 에스컬레이터,여의도 방면2-2
신길역,승강기- 엘리베이터,영등포시장 방면5-3
신길역,승강기- 엘리베이터,여의도 방면4-2
신길역,승강기- 엘리베이터,3번 출입구
신길역,승강기- 엘리베이터,여의도 방면1-1
신길역,승강기- 엘리베이터,영등포시장 방면8-4
신길역,승강기- 엘리베이터,환승통로(1호선)
여의도역,승강기- 에스컬레이터,대합실
여의도역,승강기- 에스컬레이터,대합실
여의도역,승강기- 에스컬레이터,대합실
여의도역,승강기- 에스컬레이터,대합실
여의도역,승강기- 엘리베이터,신길 방면6-4
여의도역,승강기- 엘리베이터,여의나루 방면6-4
여의나루역,승강기- 에스컬레이터,대합실
여의나루역,승강기- 에스컬레이터,4번 출입구
여의나루역,승강기- 에스컬레이터,4번 출입구
여의나루역,승강기- 에스컬레이터,대합실
여의나루역,승강기- 에스컬레이터,대합실
여의나루역,승강기- 에스컬레이터,대합실
여의나루역,승강기- 에스컬레이터,대합실
여의나루역,승강기- 에스컬레이터,대합실
여의나루역,승강기- 에스컬레이터,대합실
여의나루역,승강기- 에스컬레이터,대합실
여의나루역,승강기- 에스컬레이터,대합실
여의나루역,승강기- 엘리베이터,"여의도 방면6-2, 마포 방면3-3"
여의나루역,승강기- 엘리베이터,대합실(지하2층)
여의나루역,승강기- 엘리베이터,4번 출입구
마포역,승강기- 에스컬레이터,대합실
마포역,승강기- 에스컬레이터,3번 출입구
마포역,승강기- 에스컬레이터,대합실
마포역,승강기- 에스컬레이터,대합실
마포역,승강기- 에스컬레이터,대합실
마포역,승강기- 에스컬레이터,2번 출입구
마포역,승강기- 에스컬레이터,2번 출입구
마포역,승강기- 에스컬레이터,대합실
마포역,승강기- 에스컬레이터,대합실
마포역,승강기- 에스컬레이터,3번 출입구
마포역,승강기- 엘리베이터,"여의나루 방면5-1, 공덕 방면4-4"
마포역,승강기- 엘리베이터,2번 출입구
공덕역,승강기- 에스컬레이터,환승통로(6호선)
공덕역,승강기- 에스컬레이터,4번 출입구
공덕역,승강기- 에스컬레이터,대합실
공덕역,승강기- 에스컬레이터,환승통로(6호선)
공덕역,승강기- 에스컬레이터,"마포 방면1-1, 애오개 방면8-4"
공덕역,승강기- 에스컬레이터,"마포 방면1-1, 애오개 방면8-4"
공덕역,승강기- 에스컬레이터,대합실
공덕역,승강기- 에스컬레이터,대합실
공덕역,승강기- 에스컬레이터,대합실
공덕역,승강기- 에스컬레이터,대합실
공덕역,승강기- 에스컬레이터,4번 출입구
공덕역,승강기- 엘리베이터,환승통로(6호선)
공덕역,승강기- 엘리베이터,2번 출입구
애오개역,승강기- 에스컬레이터,대합실
애오개역,승강기- 에스컬레이터,대합실
애오개역,승강기- 에스컬레이터,대합실
애오개역,승강기- 에스컬레이터,대합실
애오개역,승강기- 에스컬레이터,4번 출입구
애오개역,승강기- 에스컬레이터,4번 출입구
애오개역,승강기- 엘리베이터,공덕 방면4-4
애오개역,승강기- 엘리베이터,충정로 방면5-1
애오개역,승강기- 엘리베이터,대합실(지하3층)
애오개역,승강기- 엘리베이터,2번 출입구
애오개역,승강기- 엘리베이터,3번 출입구
충정로역,승강기- 에스컬레이터,대합실
충정로역,승강기- 에스컬레이터,대합실
충정로역,승강기- 에스컬레이터,대합실
충정로역,승강기- 에스컬레이터,대합실
충정로역,승강기- 엘리베이터,"애오개 방면3-3, 서대문 방면6-2"
충정로역,승강기- 엘리베이터,8번 출입구
서대문역,승강기- 에스컬레이터,아이센터 측(지하1층)
서대문역,승강기- 에스컬레이터,4번 출입구
서대문역,승강기- 에스컬레이터,아이센터 측(지하1층)
서대문역,승강기- 에스컬레이터,아이센터 측(지하1층)
서대문역,승강기- 에스컬레이터,아이센터 측(지하1층)
서대문역,승강기- 에스컬레이터,6번 출입구
서대문역,승강기- 에스컬레이터,6번 출입구
서대문역,승강기- 에스컬레이터,5번 출입구
서대문역,승강기- 에스컬레이터,5번 출입구
서대문역,승강기- 에스컬레이터,4번 출입구
서대문역,승강기- 엘리베이터,"충정로 방면3-2, 광화문 방면6-3"
서대문역,승강기- 엘리베이터,2번 출입구
서대문역,승강기- 엘리베이터,"5,6번 출입구 사이"
서대문역,승강기- 휠체어리프트,"5,6번 출입구 사이"
광화문역,승강기- 에스컬레이터,"서대문 방면1-1, 종로3가 방면8-4"
광화문역,승강기- 에스컬레이터,"서대문 방면1-1, 종로3가 방면8-4"
광화문역,승강기- 에스컬레이터,대합실(광장 측)
광화문역,승강기- 에스컬레이터,대합실(광장 측)
광화문역,승강기- 엘리베이터,"서대문 방면1-1, 종로3가 방면8-4"
광화문역,승강기- 엘리베이터,서대문 방면1-1
종로3가역,승강기- 에스컬레이터,"광화문 방면1-1, 을지로4가 방면8-4"
종로3가역,승강기- 에스컬레이터,4번 출입구
종로3가역,승강기- 에스컬레이터,"광화문 방면1-1, 을지로4가 방면8-4"
종로3가역,승강기- 에스컬레이터,"대합실(4,5번 출입구 사이)"
종로3가역,승강기- 에스컬레이터,"대합실(4,5번 출입구 사이)"
종로3가역,승강기- 에스컬레이터,"환승통로(1,3호선)"
종로3가역,승강기- 에스컬레이터,"환승통로(1,3호선)"
종로3가역,승강기- 에스컬레이터,"환승통로(1,3호선)"
종로3가역,승강기- 에스컬레이터,"환승통로(1,3호선)"
종로3가역,승강기- 에스컬레이터,4번 출입구
종로3가역,승강기- 엘리베이터,"환승통로(1,3호선)"
종로3가역,승강기- 휠체어리프트,"광화문 방면1-1, 을지로4가 방면8-4"
을지로4가역,승강기- 에스컬레이터,대합실(아이센터 측)
을지로4가역,승강기- 에스컬레이터,4번 출입구
을지로4가역,승강기- 에스컬레이터,4번 출입구
을지로4가역,승강기- 에스컬레이터,대합실(아이센터 측)
을지로4가역,승강기- 에스컬레이터,환승통로(시청방면)
을지로4가역,승강기- 에스컬레이터,환승통로(시청방면)
을지로4가역,승강기- 에스컬레이터,환승통로(잠실방면)
을지로4가역,승강기- 에스컬레이터,환승통로(잠실방면)
을지로4가역,승강기- 에스컬레이터,대합실(아이센터 측)
을지로4가역,승강기- 에스컬레이터,대합실(아이센터 측)
을지로4가역,승강기- 에스컬레이터,환승통로(2호선 잠실 방면4-3)
을지로4가역,승강기- 엘리베이터,환승통로(2호선 시청방향)
동대문역사문화공원역,승강기- 에스컬레이터,"대합실(6,7번 출입구 사이)"
동대문역사문화공원역,승강기- 에스컬레이터,"대합실(6,7번 출입구 사이)"
동대문역사문화공원역,승강기- 에스컬레이터,"환승통로(2,4호선)"
동대문역사문화공원역,승강기- 에스컬레이터,"환승통로(2,4호선)"
동대문역사문화공원역,승강기- 에스컬레이터,"환승통로(2,4호선)"
동대문역사문화공원역,승강기- 엘리베이터,"대합실(6,7번 출입구 사이)"
동대문역사문화공원역,승강기- 엘리베이터,"환승통로(2,4호선)"
동대문역사문화공원역,승강기- 휠체어리프트,"대합실(6,7번 출입구 사이)"
동대문역사문화공원역,승강기- 휠체어리프트,7번 출입구
신금호역,승강기- 에스컬레이터,"행당 방면3-4, 청구 방면5-3"
신금호역,승강기- 에스컬레이터,2번 출입구
신금호역,승강기- 에스컬레이터,4번 출입구
신금호역,승강기- 에스컬레이터,4번 출입구
신금호역,승강기- 에스컬레이터,"행당 방면3-4, 청구 방면5-3"
신금호역,승강기- 에스컬레이터,"대합실(ES 1,2호기 근처)"
신금호역,승강기- 에스컬레이터,"대합실(ES 1,2호기 근처)"
신금호역,승강기- 에스컬레이터,고객안전실 측(지하2층)
신금호역,승강기- 에스컬레이터,고객안전실 측(지하2층)
신금호역,승강기- 에스컬레이터,1번 출입구
신금호역,승강기- 에스컬레이터,1번 출입구
신금호역,승강기- 에스컬레이터,2번 출입구
신금호역,승강기- 엘리베이터,"청구 방면1-2, 행당 방면8-3"
신금호역,승강기- 엘리베이터,"청구 방면1-2, 행당 방면8-3"
신금호역,승강기- 엘리베이터,고개안전실 측(지하2층)
행당역,승강기- 에스컬레이터,대합실
행당역,승강기- 에스컬레이터,대합실
행당역,승강기- 에스컬레이터,1번 출입구
행당역,승강기- 에스컬레이터,1번 출입구
행당역,승강기- 에스컬레이터,대합실
행당역,승강기- 에스컬레이터,대합실
행당역,승강기- 에스컬레이터,4번 출입구
행당역,승강기- 에스컬레이터,4번 출입구
행당역,승강기- 엘리베이터,신금호 방면4-4
행당역,승강기- 엘리베이터,왕십리 방면5-1
행당역,승강기- 엘리베이터,3번 출입구
왕십리역,승강기- 에스컬레이터,지하철경찰대 측(지하4층)
왕십리역,승강기- 에스컬레이터,지하철경찰대 측(지하4층)
왕십리역,승강기- 에스컬레이터,지하철경찰대 측(지하4층)
왕십리역,승강기- 에스컬레이터,지하철경찰대 측(지하4층)
왕십리역,승강기- 에스컬레이터,환승통로(2호선 시청방면)
왕십리역,승강기- 에스컬레이터,환승통로(2호선 시청방면)
왕십리역,승강기- 에스컬레이터,환승통로(2호선 잠실방면)
왕십리역,승강기- 에스컬레이터,환승통로(2호선 잠실방면)
왕십리역,승강기- 엘리베이터,4번 출입구
왕십리역,승강기- 엘리베이터,행당 방면3-3
왕십리역,승강기- 엘리베이터,마장 방면6-2
마장역,승강기- 에스컬레이터,4번 출입구
마장역,승강기- 에스컬레이터,4번 출입구
마장역,승강기- 에스컬레이터,대합실
마장역,승강기- 에스컬레이터,대합실
마장역,승강기- 엘리베이터,왕십리 방면4-4
마장역,승강기- 엘리베이터,답십리 방면5-1
마장역,승강기- 엘리베이터,2번 출입구
답십리역,승강기- 에스컬레이터,1번 출입구
답십리역,승강기- 에스컬레이터,1번 출입구
답십리역,승강기- 에스컬레이터,5번 출입구
답십리역,승강기- 에스컬레이터,5번 출입구
답십리역,승강기- 엘리베이터,마장 방면4-4
답십리역,승강기- 엘리베이터,장한평 방면5-1
답십리역,승강기- 엘리베이터,2번 출입구
답십리역,승강기- 엘리베이터,6번 출입구
답십리역,승강기- 휠체어리프트,대합실
장한평역,승강기- 에스컬레이터,대합실
장한평역,승강기- 에스컬레이터,대합실
장한평역,승강기- 에스컬레이터,3번 출입구
장한평역,승강기- 에스컬레이터,3번 출입구
장한평역,승강기- 엘리베이터,"답십리 방면4-2, 군자 방면5-2"
장한평역,승강기- 엘리베이터,"7,8번 출입구 사이"
장한평역,승강기- 엘리베이터,1번 출입구
장한평역,승강기- 휠체어리프트,대합실
군자역,승강기- 에스컬레이터,5번 출입구
군자역,승강기- 에스컬레이터,5번 출입구
군자역,승강기- 에스컬레이터,4번 출입구
군자역,승강기- 에스컬레이터,4번 출입구
군자역,승강기- 에스컬레이터,1번 출입구
군자역,승강기- 에스컬레이터,1번 출입구
군자역,승강기- 에스컬레이터,8번 출입구
군자역,승강기- 에스컬레이터,8번 출입구
군자역,승강기- 엘리베이터,"장한평 방면5-3, 아차산 방면4-1"
군자역,승강기- 엘리베이터,"장한평 방면4-3, 아차산 방면5-1"
군자역,승강기- 엘리베이터,4번 출입구
아차산역,승강기- 에스컬레이터,1번 출입구
아차산역,승강기- 에스컬레이터,1번 출입구
아차산역,승강기- 에스컬레이터,대합실
아차산역,승강기- 에스컬레이터,대합실
아차산역,승강기- 에스컬레이터,3번 출입구
아차산역,승강기- 에스컬레이터,3번 출입구
아차산역,승강기- 에스컬레이터,2번 출입구
아차산역,승강기- 에스컬레이터,2번 출입구
아차산역,승강기- 엘리베이터,군자 방면6-1
아차산역,승강기- 엘리베이터,광나루 방면3-4
아차산역,승강기- 엘리베이터,3번 출입구
광나루역,승강기- 에스컬레이터,4번 출입구
광나루역,승강기- 에스컬레이터,4번 출입구
광나루역,승강기- 에스컬레이터,3번 출입구
광나루역,승강기- 에스컬레이터,3번 출입구
광나루역,승강기- 엘리베이터,아차산 방면5-1
광나루역,승강기- 엘리베이터,천호 방면4-4
광나루역,승강기- 엘리베이터,1번 출입구
광나루역,승강기- 엘리베이터,3번 출입구
광나루역,승강기- 휠체어리프트,대합실
천호역,승강기- 에스컬레이터,대합실
천호역,승강기- 에스컬레이터,9번 출입구
천호역,승강기- 에스컬레이터,5번 출입구
천호역,승강기- 에스컬레이터,5번 출입구
천호역,승강기- 에스컬레이터,10번 출입구
천호역,승강기- 에스컬레이터,10번 출입구
천호역,승강기- 에스컬레이터,6번 출입구
천호역,승강기- 에스컬레이터,6번 출입구
천호역,승강기- 에스컬레이터,대합실
천호역,승강기- 에스컬레이터,2번 출입구
천호역,승강기- 에스컬레이터,2번 출입구
천호역,승강기- 에스컬레이터,7번 출입구
천호역,승강기- 에스컬레이터,7번 출입구
천호역,승강기- 에스컬레이터,8번 출입구
천호역,승강기- 에스컬레이터,8번 출입구
천호역,승강기- 에스컬레이터,9번 출입구
천호역,승강기- 엘리베이터,"6,7번 출입구 사이"
천호역,승강기- 엘리베이터,대합실(B2-B1)
천호역,승강기- 엘리베이터,광나루 방면6-1
천호역,승강기- 엘리베이터,강동 방면4-1
강동역,승강기- 에스컬레이터,"대합실(B3, 아이센터 앞)"
강동역,승강기- 에스컬레이터,4번 출입구
강동역,승강기- 에스컬레이터,4번 출입구
강동역,승강기- 에스컬레이터,"대합실(B3, 아이센터 앞)"
강동역,승강기- 에스컬레이터,"대합실(B3, 개찰구 앞)"
강동역,승강기- 에스컬레이터,"대합실(B3, 개찰구 앞)"
강동역,승강기- 에스컬레이터,천호 방면8-4
강동역,승강기- 에스컬레이터,천호 방면8-4
강동역,승강기- 에스컬레이터,둔촌동 방면1-1
강동역,승강기- 에스컬레이터,둔촌동 방면1-1
강동역,승강기- 엘리베이터,둔촌동 방면8-3
강동역,승강기- 엘리베이터,1번 출입구
강동역,승강기- 휠체어리프트,대합실
길동역,승강기- 에스컬레이터,"대합실(2,3번 출입구 측)"
길동역,승강기- 에스컬레이터,"대합실(2,3번 출입구 측)"
길동역,승강기- 에스컬레이터,1번 출입구
길동역,승강기- 엘리베이터,강동 방면5-1
길동역,승강기- 엘리베이터,굽은다리 방면4-4
길동역,승강기- 엘리베이터,대합실(1번 출입구 세븐일레븐 옆)
굽은다리역,승강기- 에스컬레이터,1번 출입구
굽은다리역,승강기- 에스컬레이터,1번 출입구
굽은다리역,승강기- 에스컬레이터,4번 출입구
굽은다리역,승강기- 에스컬레이터,4번 출입구
굽은다리역,승강기- 엘리베이터,길동 방면6-3
굽은다리역,승강기- 엘리베이터,"명일 방면3-2, 3-3 사이"
굽은다리역,승강기- 엘리베이터,2번 출입구
명일역,승강기- 에스컬레이터,4번 출입구
명일역,승강기- 에스컬레이터,4번 출입구
명일역,승강기- 엘리베이터,굽은다리 방면5-2
명일역,승강기- 엘리베이터,"고덕 방면4-3, 4-4 사이"
명일역,승강기- 엘리베이터,"3,4번 출입구 사이"
고덕역,승강기- 에스컬레이터,4번 출입구
고덕역,승강기- 에스컬레이터,4번 출입구
고덕역,승강기- 에스컬레이터,"대합실(1,2번 출입구 사이)"
고덕역,승강기- 에스컬레이터,"대합실(1,2번 출입구 사이)"
고덕역,승강기- 에스컬레이터,1번 출입구
고덕역,승강기- 에스컬레이터,1번 출입구
고덕역,승강기- 엘리베이터,명일 방면4-1
고덕역,승강기- 엘리베이터,상일동 방면6-1
고덕역,승강기- 엘리베이터,2번 출입구(역사 화장실 앞)
고덕역,승강기- 엘리베이터,"4,5번 출입구 사이"
상일동역,승강기- 에스컬레이터,4번 출입구
상일동역,승강기- 에스컬레이터,5번 출입구
상일동역,승강기- 에스컬레이터,5번 출입구
상일동역,승강기- 에스컬레이터,6번 출입구
상일동역,승강기- 에스컬레이터,6번 출입구
상일동역,승강기- 에스컬레이터,7번 출입구
상일동역,승강기- 에스컬레이터,7번 출입구
상일동역,승강기- 에스컬레이터,8번 출입구
상일동역,승강기- 에스컬레이터,8번 출입구
상일동역,승강기- 에스컬레이터,1번 출입구
상일동역,승강기- 에스컬레이터,1번 출입구
상일동역,승강기- 에스컬레이터,2번 출입구
상일동역,승강기- 에스컬레이터,2번 출입구
상일동역,승강기- 에스컬레이터,3번 출입구
상일동역,승강기- 에스컬레이터,3번 출입구
상일동역,승강기- 에스컬레이터,4번 출입구
상일동역,승강기- 엘리베이터,"1,2번 출입구 사이"
상일동역,승강기- 엘리베이터,"3,4번 출입구 사이"
상일동역,승강기- 엘리베이터,"5,6번 출입구 사이"
상일동역,승강기- 엘리베이터,"7,8번 출입구 사이"
상일동역,승강기- 휠체어리프트,"대합실(B1, 고덕 방면1-1)"
상일동역,승강기- 휠체어리프트,"대합실(B1, 강일 방면1-1)"
둔촌동역,승강기- 에스컬레이터,1번 출입구
둔촌동역,승강기- 에스컬레이터,3번 출입구
둔촌동역,승강기- 에스컬레이터,4번 출입구
둔촌동역,승강기- 엘리베이터,강동 방면5-1
둔촌동역,승강기- 엘리베이터,올림픽공원 방면5-1
둔촌동역,승강기- 엘리베이터,"3,4번 출입구 사이"
올림픽공원역,승강기- 에스컬레이터,둔촌동 방면6-1
올림픽공원역,승강기- 에스컬레이터,둔촌동 방면6-1
올림픽공원역,승강기- 에스컬레이터,방이 방면3-4
올림픽공원역,승강기- 에스컬레이터,방이 방면3-4
올림픽공원역,승강기- 엘리베이터,둔촌동 방면3-2
올림픽공원역,승강기- 엘리베이터,방이 방면6-3
올림픽공원역,승강기- 엘리베이터,2번 출입구
방이역,승강기- 에스컬레이터,4번 출입구
방이역,승강기- 에스컬레이터,4번 출입구
방이역,승강기- 엘리베이터,올림픽공원 방면4-4
방이역,승강기- 엘리베이터,오금 방면5-1
방이역,승강기- 엘리베이터,3번 출입구
방이역,승강기- 엘리베이터,1번 출입구
오금역,승강기- 에스컬레이터,"3,4번 출입구"
오금역,승강기- 에스컬레이터,"3,4번 출입구"
오금역,승강기- 에스컬레이터,5번 출입구
오금역,승강기- 에스컬레이터,환승통로(방화방면 승강장)
오금역,승강기- 에스컬레이터,환승통로(방화방면 승강장)
오금역,승강기- 에스컬레이터,환승통로(마천방면 승강장)
오금역,승강기- 에스컬레이터,환승통로(마천방면 승강장)
오금역,승강기- 엘리베이터,방이 방면4-4
오금역,승강기- 엘리베이터,개롱 방면5-1
오금역,승강기- 엘리베이터,환승통로(방이 방면8-4 주위)
오금역,승강기- 엘리베이터,환승통로(개롱 방면1-1 주위)
오금역,승강기- 엘리베이터,5번 출입구
개롱역,승강기- 에스컬레이터,3번 출입구
개롱역,승강기- 에스컬레이터,3번 출입구
개롱역,승강기- 엘리베이터,오금 방면5-1
개롱역,승강기- 엘리베이터,거여 방면4-4
개롱역,승강기- 엘리베이터,"3,4번 출입구 사이"
거여역,승강기- 에스컬레이터,2번 출입구
거여역,승강기- 에스컬레이터,"대합실(5,6번 출입구 방면)"
거여역,승강기- 에스컬레이터,"(BM1) 5,6번 출입구측 연결통로"
거여역,승강기- 엘리베이터,개롱 방면6-2
거여역,승강기- 엘리베이터,마천 방면3-2
거여역,승강기- 엘리베이터,2번 출입구
마천역,승강기- 에스컬레이터,거여 방면3-1
마천역,승강기- 에스컬레이터,2번 출입구
마천역,승강기- 에스컬레이터,거여 방면3-1
마천역,승강기- 에스컬레이터,마천 방면6-4
마천역,승강기- 에스컬레이터,마천 방면6-4
마천역,승강기- 에스컬레이터,1번 출입구
마천역,승강기- 에스컬레이터,1번 출입구
마천역,승강기- 에스컬레이터,대합실(2번 출입구 방면)
마천역,승강기- 에스컬레이터,대합실(2번 출입구 방면)
마천역,승강기- 에스컬레이터,2번 출입구
마천역,승강기- 엘리베이터,마천 방면5-2
마천역,승강기- 엘리베이터,거여 방면4-3
강일역,승강기- 에스컬레이터,상일동 방면2-3
강일역,승강기- 에스컬레이터,1번 출입구
강일역,승강기- 에스컬레이터,2번 출입구
강일역,승강기- 에스컬레이터,2번 출입구
강일역,승강기- 에스컬레이터,3번 출입구
강일역,승강기- 에스컬레이터,3번 출입구
강일역,승강기- 에스컬레이터,4번 출입구
강일역,승강기- 에스컬레이터,4번 출입구
강일역,승강기- 에스컬레이터,상일동 방면2-3
강일역,승강기- 에스컬레이터,미사 방면7-2
강일역,승강기- 에스컬레이터,미사 방면7-2
강일역,승강기- 에스컬레이터,상일동 방면7-2
강일역,승강기- 에스컬레이터,상일동 방면7-2
강일역,승강기- 에스컬레이터,미사 방면2-3
강일역,승강기- 에스컬레이터,미사 방면2-3
강일역,승강기- 에스컬레이터,1번 출입구
강일역,승강기- 엘리베이터,상일동 방면1-2
강일역,승강기- 엘리베이터,미사 방면8-3
강일역,승강기- 엘리베이터,상일동 방면8-3
강일역,승강기- 엘리베이터,미사 방면1-2
강일역,승강기- 엘리베이터,1번 출입구
강일역,승강기- 엘리베이터,2번 출입구
강일역,승강기- 엘리베이터,3번 출입구
강일역,승강기- 엘리베이터,4번 출입구
미사역,승강기- 에스컬레이터,강일 방면3-4
미사역,승강기- 에스컬레이터,2번 출입구
미사역,승강기- 에스컬레이터,4번 출입구
미사역,승강기- 에스컬레이터,4번 출입구
미사역,승강기- 에스컬레이터,5번 출입구
미사역,승강기- 에스컬레이터,5번 출입구
미사역,승강기- 에스컬레이터,6번 출입구
미사역,승강기- 에스컬레이터,6번 출입구
미사역,승강기- 에스컬레이터,7번 출입구
미사역,승강기- 에스컬레이터,7번 출입구
미사역,승강기- 에스컬레이터,9번 출입구
미사역,승강기- 에스컬레이터,하남풍산 방면6-1
미사역,승강기- 에스컬레이터,9번 출입구
미사역,승강기- 에스컬레이터,10번 출입구
미사역,승강기- 에스컬레이터,10번 출입구
미사역,승강기- 에스컬레이터,강일 방면6-1
미사역,승강기- 에스컬레이터,강일 방면6-1
미사역,승강기- 에스컬레이터,하남풍산 방면3-4
미사역,승강기- 에스컬레이터,하남풍산 방면3-4
미사역,승강기- 에스컬레이터,1번 출입구
미사역,승강기- 에스컬레이터,1번 출입구
미사역,승강기- 에스컬레이터,2번 출입구
미사역,승강기- 엘리베이터,강일 방면5-1
미사역,승강기- 엘리베이터,하남풍산 방면5-1
미사역,승강기- 엘리베이터,1번 출입구
미사역,승강기- 엘리베이터,6번 출입구
하남풍산역,승강기- 에스컬레이터,미사 방면3-3
하남풍산역,승강기- 에스컬레이터,1번 출입구
하남풍산역,승강기- 에스컬레이터,2번 출입구
하남풍산역,승강기- 에스컬레이터,2번 출입구
하남풍산역,승강기- 에스컬레이터,3번 출입구
하남풍산역,승강기- 에스컬레이터,3번 출입구
하남풍산역,승강기- 에스컬레이터,4번 출입구
하남풍산역,승강기- 에스컬레이터,4번 출입구
하남풍산역,승강기- 에스컬레이터,5번 출입구
하남풍산역,승강기- 에스컬레이터,5번 출입구
하남풍산역,승강기- 에스컬레이터,6번 출입구
하남풍산역,승강기- 에스컬레이터,미사 방면3-3
하남풍산역,승강기- 에스컬레이터,6번 출입구
하남풍산역,승강기- 에스컬레이터,7번 출입구
하남풍산역,승강기- 에스컬레이터,7번 출입구
하남풍산역,승강기- 에스컬레이터,8번 출입구
하남풍산역,승강기- 에스컬레이터,8번 출입구
하남풍산역,승강기- 에스컬레이터,하남시청 방면6-2
하남풍산역,승강기- 에스컬레이터,하남시청 방면6-2
하남풍산역,승강기- 에스컬레이터,미사 방면6-1
하남풍산역,승강기- 에스컬레이터,미사 방면6-1
하남풍산역,승강기- 에스컬레이터,하남시청 방면3-4
하남풍산역,승강기- 에스컬레이터,하남시청 방면3-4
하남풍산역,승강기- 에스컬레이터,1번 출입구
하남풍산역,승강기- 엘리베이터,미사 방면4-4
하남풍산역,승강기- 엘리베이터,하남시청 방면5-1
하남풍산역,승강기- 엘리베이터,1번 출입구
하남풍산역,승강기- 엘리베이터,5번 출입구
하남풍산역,승강기- 엘리베이터,7번 출입구
하남시청역,승강기- 에스컬레이터,하남풍산 방면3-3
하남시청역,승강기- 에스컬레이터,대합실
하남시청역,승강기- 에스컬레이터,대합실
하남시청역,승강기- 에스컬레이터,대합실
하남시청역,승강기- 에스컬레이터,"대합실(1,2번 출입구)"
하남시청역,승강기- 에스컬레이터,"대합실(1,2번 출입구)"
하남시청역,승강기- 에스컬레이터,1번 출입구
하남시청역,승강기- 에스컬레이터,1번 출입구
하남시청역,승강기- 에스컬레이터,2번 출입구
하남시청역,승강기- 에스컬레이터,2번 출입구
하남시청역,승강기- 에스컬레이터,3번 출입구
하남시청역,승강기- 에스컬레이터,하남풍산 방면3-3
하남시청역,승강기- 에스컬레이터,3번 출입구
하남시청역,승강기- 에스컬레이터,4번 출입구
하남시청역,승강기- 에스컬레이터,4번 출입구
하남시청역,승강기- 에스컬레이터,5번 출입구
하남시청역,승강기- 에스컬레이터,5번 출입구
하남시청역,승강기- 에스컬레이터,대합실(6번 출입구 측)
하남시청역,승강기- 에스컬레이터,대합실(6번 출입구 측)
하남시청역,승강기- 에스컬레이터,6번 출입구
하남시청역,승강기- 에스컬레이터,6번 출입구
하남시청역,승강기- 에스컬레이터,하남검단산 방면6-2
하남시청역,승강기- 에스컬레이터,하남검단산 방면6-2
하남시청역,승강기- 에스컬레이터,하남풍산 방면6-2
하남시청역,승강기- 에스컬레이터,하남풍산 방면6-2
하남시청역,승강기- 에스컬레이터,하남검단산 방면3-3
하남시청역,승강기- 에스컬레이터,하남검단산 방면3-3
하남시청역,승강기- 에스컬레이터,대합실
하남시청역,승강기- 엘리베이터,하남풍산 방면5-1
하남시청역,승강기- 엘리베이터,하남검단산 방면5-1
하남시청역,승강기- 엘리베이터,3번 출입구
하남시청역,승강기- 엘리베이터,"5,6번 출입구 사이"
하남검단산역,승강기- 에스컬레이터,하남시청 방면2-4
하남검단산역,승강기- 에스컬레이터,"대합실(1,2,4번 출입구 방향)"
하남검단산역,승강기- 에스컬레이터,대합실(3번 출입구 방향)
하남검단산역,승강기- 에스컬레이터,대합실(3번 출입구 방향)
하남검단산역,승강기- 에스컬레이터,1번 출입구
하남검단산역,승강기- 에스컬레이터,1번 출입구
하남검단산역,승강기- 에스컬레이터,2번 출입구
하남검단산역,승강기- 에스컬레이터,2번 출입구
하남검단산역,승강기- 에스컬레이터,3번 출입구
하남검단산역,승강기- 에스컬레이터,3번 출입구
하남검단산역,승강기- 에스컬레이터,4번 출입구
하남검단산역,승강기- 에스컬레이터,하남시청 방면2-4
하남검단산역,승강기- 에스컬레이터,4번 출입구
하남검단산역,승강기- 에스컬레이터,하남검단산 방면7-1
하남검단산역,승강기- 에스컬레이터,하남검단산 방면7-1
하남검단산역,승강기- 에스컬레이터,하남시청 방면6-2
하남검단산역,승강기- 에스컬레이터,하남시청 방면6-2
하남검단산역,승강기- 에스컬레이터,하남검단산 방면3-3
하남검단산역,승강기- 에스컬레이터,하남검단산 방면3-3
하남검단산역,승강기- 에스컬레이터,"대합실(1,2,4번 출입구 방향)"
하남검단산역,승강기- 엘리베이터,하남시청 방면4-3
하남검단산역,승강기- 엘리베이터,하남검단산 방면5-3
하남검단산역,승강기- 엘리베이터,"1,2번 출입구 사이"
하남검단산역,승강기- 엘리베이터,4번 출입구
응암역,승강기- 에스컬레이터,대합실
응암역,승강기- 에스컬레이터,대합실
응암역,승강기- 에스컬레이터,2번 출입구
응암역,승강기- 에스컬레이터,2번 출입구
응암역,승강기- 엘리베이터,"역촌 방면5-2, 새절 방면4-2"
응암역,승강기- 엘리베이터,4번 출입구
역촌역,승강기- 에스컬레이터,불광 방면4-1
역촌역,승강기- 에스컬레이터,불광 방면4-1
역촌역,승강기- 에스컬레이터,4번 출입구
역촌역,승강기- 에스컬레이터,4번 출입구
역촌역,승강기- 에스컬레이터,2번 출입구
역촌역,승강기- 에스컬레이터,2번 출입구
역촌역,승강기- 엘리베이터,불광 방면4-2
역촌역,승강기- 엘리베이터,4번 출입구
불광역,승강기- 에스컬레이터,독바위 방면7-2
불광역,승강기- 에스컬레이터,대합실
불광역,승강기- 에스컬레이터,대합실
불광역,승강기- 에스컬레이터,대합실
불광역,승강기- 에스컬레이터,독바위 방면7-2
불광역,승강기- 에스컬레이터,독바위 방면2-2
불광역,승강기- 에스컬레이터,독바위 방면2-2
불광역,승강기- 에스컬레이터,환승통로
불광역,승강기- 에스컬레이터,환승통로
불광역,승강기- 에스컬레이터,환승통로
불광역,승강기- 에스컬레이터,환승통로
불광역,승강기- 에스컬레이터,대합실
불광역,승강기- 엘리베이터,독바위 방면5-2
불광역,승강기- 엘리베이터,독바위 방면4-1
불광역,승강기- 엘리베이터,8번 출입구
불광역,승강기- 휠체어리프트,환승통로
불광역,승강기- 휠체어리프트,환승통로
독바위역,승강기- 에스컬레이터,연신내 방면3-2
독바위역,승강기- 에스컬레이터,연신내 방면3-2
독바위역,승강기- 에스컬레이터,대합실
독바위역,승강기- 에스컬레이터,대합실
독바위역,승강기- 에스컬레이터,대합실
독바위역,승강기- 에스컬레이터,대합실
독바위역,승강기- 에스컬레이터,1번 출입구
독바위역,승강기- 에스컬레이터,1번 출입구
독바위역,승강기- 엘리베이터,연신내 방면3-2
독바위역,승강기- 엘리베이터,1번 출입구
연신내역,승강기- 에스컬레이터,구산 방면6-1
연신내역,승강기- 에스컬레이터,구산 방면6-1
연신내역,승강기- 에스컬레이터,구산 방면6-1
연신내역,승강기- 에스컬레이터,대합실
연신내역,승강기- 에스컬레이터,대합실
연신내역,승강기- 에스컬레이터,대합실
연신내역,승강기- 엘리베이터,구산 방면6-2
연신내역,승강기- 엘리베이터,6번 출입구
구산역,승강기- 에스컬레이터,응암 방면5-4
구산역,승강기- 에스컬레이터,응암 방면5-4
구산역,승강기- 엘리베이터,4번 출입구
새절역,승강기- 에스컬레이터,응암 방면3-3
새절역,승강기- 에스컬레이터,응암 방면3-3
새절역,승강기- 에스컬레이터,증산 방면3-4
새절역,승강기- 에스컬레이터,증산 방면3-4
새절역,승강기- 엘리베이터,응암 방면4-4
새절역,승강기- 엘리베이터,1번 출입구
새절역,승강기- 휠체어리프트,증산 방면5-4
증산역,승강기- 에스컬레이터,1번 출입구
증산역,승강기- 에스컬레이터,4번 출입구
증산역,승강기- 에스컬레이터,새절 방면3-4
증산역,승강기- 에스컬레이터,새절 방면3-4
증산역,승강기- 에스컬레이터,디지털미디어시티 방면3-3
증산역,승강기- 에스컬레이터,디지털미디어시티 방면3-3
증산역,승강기- 엘리베이터,새절 방면5-1
증산역,승강기- 엘리베이터,디지털미디어시티 방면4-3
증산역,승강기- 엘리베이터,2번 출입구
디지털미디어시티역,승강기- 에스컬레이터,증산 방면1-1
디지털미디어시티역,승강기- 에스컬레이터,월드컵경기장 방면8-4
디지털미디어시티역,승강기- 에스컬레이터,월드컵경기장 방면8-4
디지털미디어시티역,승강기- 에스컬레이터,월드컵경기장 방면1-1
디지털미디어시티역,승강기- 에스컬레이터,4번 출입구
디지털미디어시티역,승강기- 에스컬레이터,4번 출입구
디지털미디어시티역,승강기- 에스컬레이터,2번 출입구
디지털미디어시티역,승강기- 에스컬레이터,2번 출입구
디지털미디어시티역,승강기- 엘리베이터,증산 방면1-1
디지털미디어시티역,승강기- 엘리베이터,월드컵경기장 방면8-4
디지털미디어시티역,승강기- 엘리베이터,4번 출입구
디지털미디어시티역,승강기- 휠체어리프트,증산 방면8-4
디지털미디어시티역,승강기- 휠체어리프트,월드컵경기장 방면1-1
디지털미디어시티역,승강기- 휠체어리프트,3번 출입구
월드컵경기장역,승강기- 에스컬레이터,3번 출입구
월드컵경기장역,승강기- 에스컬레이터,1번 출입구
월드컵경기장역,승강기- 에스컬레이터,1번 출입구
월드컵경기장역,승강기- 에스컬레이터,1번 출입구
월드컵경기장역,승강기- 에스컬레이터,3번 출입구
월드컵경기장역,승강기- 에스컬레이터,3번 출입구
월드컵경기장역,승강기- 에스컬레이터,3번 출입구
월드컵경기장역,승강기- 에스컬레이터,2번 출입구
월드컵경기장역,승강기- 에스컬레이터,2번 출입구
월드컵경기장역,승강기- 에스컬레이터,2번 출입구
월드컵경기장역,승강기- 에스컬레이터,2번 출입구
월드컵경기장역,승강기- 에스컬레이터,1번 출입구
월드컵경기장역,승강기- 엘리베이터,디지털미디어시티 방면4-4
월드컵경기장역,승강기- 엘리베이터,마포구청 방면4-4
월드컵경기장역,승강기- 엘리베이터,2번 출입구
마포구청역,승강기- 에스컬레이터,1번 출입구
마포구청역,승강기- 에스컬레이터,"6,7번 출입구 사이"
마포구청역,승강기- 에스컬레이터,"6,7번 출입구 사이"
마포구청역,승강기- 에스컬레이터,8번 출입구
마포구청역,승강기- 에스컬레이터,1번 출입구
마포구청역,승강기- 에스컬레이터,8번 출입구
마포구청역,승강기- 에스컬레이터,3번 출입구
마포구청역,승강기- 에스컬레이터,3번 출입구
마포구청역,승강기- 에스컬레이터,4번 출입구
마포구청역,승강기- 에스컬레이터,4번 출입구
마포구청역,승강기- 에스컬레이터,5번 출입구
마포구청역,승강기- 에스컬레이터,5번 출입구
마포구청역,승강기- 엘리베이터,월드컵경기장 방면1-1
마포구청역,승강기- 엘리베이터,망원 방면8-4
마포구청역,승강기- 엘리베이터,8번 출입구
마포구청역,승강기- 엘리베이터,2번 출입구
망원역,승강기- 에스컬레이터,2번 출입구
망원역,승강기- 에스컬레이터,1번 출입구
망원역,승강기- 엘리베이터,마포구청 방면5-1
망원역,승강기- 엘리베이터,"2번 출입구, 합정 방면5-2"
합정역,승강기- 에스컬레이터,망원 방면3-3
합정역,승강기- 에스컬레이터,5번 출입구
합정역,승강기- 에스컬레이터,8번 출입구
합정역,승강기- 에스컬레이터,8번 출입구
합정역,승강기- 에스컬레이터,상수 방면6-1
합정역,승강기- 에스컬레이터,상수 방면6-1
합정역,승강기- 에스컬레이터,환승통로
합정역,승강기- 에스컬레이터,환승통로
합정역,승강기- 에스컬레이터,환승통로
합정역,승강기- 에스컬레이터,환승통로
합정역,승강기- 에스컬레이터,대합실
합정역,승강기- 에스컬레이터,대합실
합정역,승강기- 엘리베이터,망원 방면4-2
합정역,승강기- 엘리베이터,상수 방면5-1
합정역,승강기- 엘리베이터,6번 출입구
합정역,승강기- 휠체어리프트,대합실
상수역,승강기- 에스컬레이터,"합정 방면3-3, 광흥창 방면6-1"
상수역,승강기- 에스컬레이터,3번 출입구
상수역,승강기- 에스컬레이터,"합정 방면3-3, 광흥창 방면6-1"
상수역,승강기- 에스컬레이터,대합실
상수역,승강기- 에스컬레이터,대합실
상수역,승강기- 에스컬레이터,"1,2번 출입구"
상수역,승강기- 에스컬레이터,"1,2번 출입구"
상수역,승강기- 에스컬레이터,"3,4번 출입구"
상수역,승강기- 에스컬레이터,"3,4번 출입구"
상수역,승강기- 에스컬레이터,3번 출입구
상수역,승강기- 엘리베이터,"합정 방면4-4, 광흥창 방면5-1"
상수역,승강기- 엘리베이터,3번 출입구
상수역,승강기- 엘리베이터,대합실
광흥창역,승강기- 에스컬레이터,"상수 방면1-1, 대흥 방면8-4"
광흥창역,승강기- 에스컬레이터,"상수 방면8-4, 대흥 방면1-1"
광흥창역,승강기- 에스컬레이터,대합실
광흥창역,승강기- 에스컬레이터,대합실
광흥창역,승강기- 에스컬레이터,2번 출입구
광흥창역,승강기- 에스컬레이터,6번 출입구
광흥창역,승강기- 에스컬레이터,3번 출입구
광흥창역,승강기- 에스컬레이터,2번 출입구
광흥창역,승강기- 에스컬레이터,2번 출입구
광흥창역,승강기- 엘리베이터,1번 출입구
광흥창역,승강기- 엘리베이터,"상수 방면1-2, 대흥 방면8-3"
광흥창역,승강기- 엘리베이터,4번 출입구
광흥창역,승강기- 휠체어리프트,"상수 방면8-4, 대흥 방면1-1"
대흥역,승강기- 에스컬레이터,대합실
대흥역,승강기- 에스컬레이터,대합실
대흥역,승강기- 에스컬레이터,2번 출입구
대흥역,승강기- 에스컬레이터,4번 출입구
대흥역,승강기- 에스컬레이터,1번 출입구
대흥역,승강기- 에스컬레이터,1번 출입구
대흥역,승강기- 엘리베이터,"광흥창 방면4-4, 공덕 방면5-1"
대흥역,승강기- 엘리베이터,대합실
대흥역,승강기- 휠체어리프트,2번 출입구
공덕역,승강기- 에스컬레이터,7번 출입구
공덕역,승강기- 에스컬레이터,7번 출입구
공덕역,승강기- 에스컬레이터,환승통로(응암방면 승강장)
공덕역,승강기- 에스컬레이터,환승통로(응암방면 승강장)
공덕역,승강기- 에스컬레이터,환승통로(신내방면 승강장)
공덕역,승강기- 에스컬레이터,환승통로(신내방면 승강장)
공덕역,승강기- 엘리베이터,대흥 방면4-4
공덕역,승강기- 엘리베이터,효창공원 방면4-4
공덕역,승강기- 엘리베이터,5번 출입구
공덕역,승강기- 엘리베이터,대흥 방면1-1
공덕역,승강기- 엘리베이터,효창공원앞 방면8-4
효창공원앞역,승강기- 에스컬레이터,대합실
효창공원앞역,승강기- 에스컬레이터,대합실
효창공원앞역,승강기- 에스컬레이터,6번 출입구
효창공원앞역,승강기- 에스컬레이터,6번 출입구
효창공원앞역,승강기- 에스컬레이터,"공덕 방면6-4, 삼각지 방면3-1"
효창공원앞역,승강기- 에스컬레이터,"공덕 방면6-4, 삼각지 방면3-1"
효창공원앞역,승강기- 엘리베이터,"공덕 방면5-3, 삼각지 방면4-2"
효창공원앞역,승강기- 엘리베이터,대합실
효창공원앞역,승강기- 휠체어리프트,3번 출입구
삼각지역,승강기- 무빙워크,4호선 환승통로(B3)
삼각지역,승강기- 무빙워크,4호선 환승통로(B3)
삼각지역,승강기- 무빙워크 3,4호선 환승통로(B3)
삼각지역,승강기- 무빙워크 4,4호선 환승통로(B3)
삼각지역,승강기- 무빙워크 5,4호선 환승통로(B3)
삼각지역,승강기- 무빙워크 6,4호선 환승통로(B3)
삼각지역,승강기- 무빙워크 7,4호선 환승통로(B3)
삼각지역,승강기- 무빙워크 8,4호선 환승통로(B3)
삼각지역,승강기- 에스컬레이터,대합실
삼각지역,승강기- 에스컬레이터,대합실
삼각지역,승강기- 에스컬레이터,대합실
삼각지역,승강기- 에스컬레이터,대합실
삼각지역,승강기- 엘리베이터,효창공원앞 방면1-1
삼각지역,승강기- 엘리베이터,"녹사평 방면1-1, 효창공원앞 방면8-4"
삼각지역,승강기- 엘리베이터,8번 출입구
삼각지역,승강기- 엘리베이터,12번 출입구
삼각지역,승강기- 엘리베이터,환승통로
녹사평역,승강기- 에스컬레이터,"삼각지 방면3-3, 이태원 방면6-2"
녹사평역,승강기- 에스컬레이터,2번 출입구
녹사평역,승강기- 에스컬레이터,2번 출입구
녹사평역,승강기- 에스컬레이터,3번 출입구
녹사평역,승강기- 에스컬레이터,3번 출입구
녹사평역,승강기- 에스컬레이터,"삼각지 방면3-3, 이태원 방면6-2"
녹사평역,승강기- 에스컬레이터,"삼각지 방면5-4, 이태원 방면4-1"
녹사평역,승강기- 에스컬레이터,"삼각지 방면5-4, 이태원 방면4-1"
녹사평역,승강기- 에스컬레이터,대합실
녹사평역,승강기- 에스컬레이터,대합실
녹사평역,승강기- 에스컬레이터,대합실
녹사평역,승강기- 에스컬레이터,대합실
녹사평역,승강기- 에스컬레이터,대합실
녹사평역,승강기- 엘리베이터,"삼각지 방면4-3, 이태원 방면5-1"
녹사평역,승강기- 엘리베이터,대합실
녹사평역,승강기- 엘리베이터,3번 출입구
이태원역,승강기- 에스컬레이터,대합실
이태원역,승강기- 에스컬레이터,대합실
이태원역,승강기- 에스컬레이터,대합실
이태원역,승강기- 에스컬레이터,대합실
이태원역,승강기- 엘리베이터,"녹사평 방면3-1, 한강진 방면6-3"
이태원역,승강기- 엘리베이터,2번 출입구
한강진역,승강기- 에스컬레이터,대합실
한강진역,승강기- 에스컬레이터,대합실
한강진역,승강기- 에스컬레이터,2번 출입구
한강진역,승강기- 에스컬레이터,2번 출입구
한강진역,승강기- 엘리베이터,이태원 방면5-2
한강진역,승강기- 엘리베이터,버티고개 방면4-2
한강진역,승강기- 엘리베이터,3번 출입구
버티고개역,승강기- 에스컬레이터,대합실
버티고개역,승강기- 에스컬레이터,대합실
버티고개역,승강기- 에스컬레이터,3번 출입구
버티고개역,승강기- 에스컬레이터,3번 출입구
버티고개역,승강기- 엘리베이터,대합실
버티고개역,승강기- 엘리베이터,대합실
버티고개역,승강기- 엘리베이터,한강진 방면4-2
버티고개역,승강기- 엘리베이터,약수 방면5-3
버티고개역,승강기- 엘리베이터,2번 출입구
약수역,승강기- 에스컬레이터,환승통로
약수역,승강기- 에스컬레이터,7번 출입구
약수역,승강기- 에스컬레이터,7번 출입구
약수역,승강기- 에스컬레이터,환승통로
약수역,승강기- 에스컬레이터,환승통로
약수역,승강기- 에스컬레이터,환승통로
약수역,승강기- 에스컬레이터,"7,8번 출입구"
약수역,승강기- 에스컬레이터,"7,8번 출입구"
약수역,승강기- 에스컬레이터,환승통로
약수역,승강기- 에스컬레이터,환승통로
약수역,승강기- 에스컬레이터,6번 출입구
약수역,승강기- 엘리베이터,버티고개 방면5-1
약수역,승강기- 엘리베이터,청구 방면4-4
약수역,승강기- 엘리베이터,버티고개 방면6-1
약수역,승강기- 엘리베이터,대합실
청구역,승강기- 에스컬레이터,환승통로
청구역,승강기- 에스컬레이터,1번 출입구
청구역,승강기- 에스컬레이터,환승통로
청구역,승강기- 에스컬레이터,환승통로
청구역,승강기- 에스컬레이터,환승통로
청구역,승강기- 에스컬레이터,1번 출입구
청구역,승강기- 에스컬레이터,1번 출입구
청구역,승강기- 에스컬레이터,3번 출입구
청구역,승강기- 에스컬레이터,3번 출입구
청구역,승강기- 에스컬레이터,1번 출입구
청구역,승강기- 엘리베이터,"신금호 방면5-3, 동대문역사문화공원 방면4-1"
청구역,승강기- 엘리베이터,대합실
청구역,승강기- 엘리베이터,대합실
청구역,승강기- 엘리베이터,3번 출입구
청구역,승강기- 엘리베이터,1번 출입구
신당역,승강기- 무빙워크,2호선 환승통로(B2)
신당역,승강기- 무빙워크,2호선 환승통로(B2)
신당역,승강기- 에스컬레이터,환승통로
신당역,승강기- 에스컬레이터,환승통로
신당역,승강기- 에스컬레이터,환승통로
신당역,승강기- 에스컬레이터,환승통로
신당역,승강기- 에스컬레이터,환승통로
신당역,승강기- 에스컬레이터,환승통로
신당역,승강기- 에스컬레이터,환승통로
신당역,승강기- 에스컬레이터,"청구 방면2-2, 동묘앞 방면7-3"
신당역,승강기- 에스컬레이터,"청구 방면2-2, 동묘앞 방면7-3"
신당역,승강기- 에스컬레이터,"청구 방면6-1, 동묘앞 방면3-4"
신당역,승강기- 에스컬레이터,"청구 방면6-1, 동묘앞 방면3-4"
신당역,승강기- 에스컬레이터,10번 출입구
신당역,승강기- 에스컬레이터,10번 출입구
신당역,승강기- 에스컬레이터,환승통로
신당역,승강기- 엘리베이터,"청구 방면5-3, 동묘앞 방면4-2"
신당역,승강기- 휠체어리프트,"청구 방면1-1, 동묘앞 방면8-4"
신당역,승강기- 휠체어리프트,환승통로
신당역,승강기- 휠체어리프트,환승통로
신당역,승강기- 휠체어리프트,환승통로
신당역,승강기- 휠체어리프트,9번 출입구
동묘앞역,승강기- 에스컬레이터,"신당 방면7-3, 창신 방면2-2"
동묘앞역,승강기- 에스컬레이터,8번 출입구
동묘앞역,승강기- 에스컬레이터,"신당 방면2-3, 창신 방면7-2"
동묘앞역,승강기- 에스컬레이터,"신당 방면2-3, 창신 방면7-2"
동묘앞역,승강기- 에스컬레이터,"신당 방면7-3, 창신 방면2-2"
동묘앞역,승강기- 에스컬레이터,대합실
동묘앞역,승강기- 에스컬레이터,대합실
동묘앞역,승강기- 에스컬레이터,대합실
동묘앞역,승강기- 에스컬레이터,대합실
동묘앞역,승강기- 에스컬레이터,대합실
동묘앞역,승강기- 에스컬레이터,7번 출입구
동묘앞역,승강기- 에스컬레이터,8번 출입구
동묘앞역,승강기- 엘리베이터,"신당 방면3-3, 창신 방면6-2"
동묘앞역,승강기- 엘리베이터,"신당 방면8-4, 창신 방면1-1"
동묘앞역,승강기- 휠체어리프트,대합실
동묘앞역,승강기- 휠체어리프트,5번 출입구
창신역,승강기- 에스컬레이터,대합실
창신역,승강기- 에스컬레이터,대합실
창신역,승강기- 에스컬레이터,2번 출입구
창신역,승강기- 엘리베이터,"동묘앞 방면4-2, 보문 방면5-3"
창신역,승강기- 엘리베이터,"3,4번 출입구 사이"
창신역,승강기- 엘리베이터,2번 출입구
보문역,승강기- 에스컬레이터,대합실
보문역,승강기- 에스컬레이터,대합실
보문역,승강기- 엘리베이터,"창신 방면4-4 , 안암 방면5-1"
안암역,승강기- 에스컬레이터,1번 출입구
안암역,승강기- 에스컬레이터,1번 출입구
안암역,승강기- 에스컬레이터,4번 출입구
안암역,승강기- 에스컬레이터,4번 출입구
안암역,승강기- 에스컬레이터,대합실
안암역,승강기- 에스컬레이터,대합실
안암역,승강기- 엘리베이터,보문 방면5-2
안암역,승강기- 엘리베이터,고려대 방면4-3
안암역,승강기- 엘리베이터,1번 출입구
고려대역,승강기- 에스컬레이터,"대합실(B1, 아이센터 앞)"
고려대역,승강기- 에스컬레이터,안암 방면3-4
고려대역,승강기- 에스컬레이터,월곡 방면6-1
고려대역,승강기- 에스컬레이터,월곡 방면6-1
고려대역,승강기- 에스컬레이터,"대합실(B1, 화장실 측)"
고려대역,승강기- 에스컬레이터,1번 출입구 방면(B1)
고려대역,승강기- 에스컬레이터,1번 출입구 방면(B1)
고려대역,승강기- 에스컬레이터,6번 출입구
고려대역,승강기- 에스컬레이터,6번 출입구
고려대역,승강기- 에스컬레이터,4번 출입구
고려대역,승강기- 에스컬레이터,4번 출입구
고려대역,승강기- 에스컬레이터,안암 방면3-4
고려대역,승강기- 엘리베이터,안암 방면6-2
고려대역,승강기- 엘리베이터,월곡 방면3-2
고려대역,승강기- 엘리베이터,1번 출입구
고려대역,승강기- 엘리베이터,"3,4번 출입구 사이"
월곡역,승강기- 에스컬레이터,1번 출입구 방면(B1)
월곡역,승강기- 에스컬레이터,상월곡 방면3-3
월곡역,승강기- 에스컬레이터,1번 출입구
월곡역,승강기- 에스컬레이터,1번 출입구
월곡역,승강기- 에스컬레이터,4번 출입구 방면(B1)
월곡역,승강기- 에스컬레이터,2번 출입구
월곡역,승강기- 에스컬레이터,2번 출입구
월곡역,승강기- 에스컬레이터,3번 출입구
월곡역,승강기- 에스컬레이터,3번 출입구
월곡역,승강기- 에스컬레이터,고려대 방면3-4
월곡역,승강기- 에스컬레이터,고려대 방면3-4
월곡역,승강기- 에스컬레이터,상월곡 방면3-3
월곡역,승강기- 엘리베이터,고려대 방면4-4
월곡역,승강기- 엘리베이터,상월곡 방면4-4
월곡역,승강기- 엘리베이터,"1,5번 출입구 사이"
월곡역,승강기- 휠체어리프트,아이센터 측(B2)
상월곡역,승강기- 에스컬레이터,"대합실(B2, 화장실 측)"
상월곡역,승강기- 에스컬레이터,"대합실(B2, 화장실 측)"
상월곡역,승강기- 에스컬레이터,2번 출입구 방면(B1)
상월곡역,승강기- 에스컬레이터,3번 출입구 방면(B1)
상월곡역,승강기- 에스컬레이터,2번 출입구
상월곡역,승강기- 에스컬레이터,2번 출입구
상월곡역,승강기- 엘리베이터,4번 출입구
상월곡역,승강기- 휠체어리프트,월곡 방면1-1
상월곡역,승강기- 휠체어리프트,돌곶이 방면8-4
돌곶이역,승강기- 에스컬레이터,1번 출입구 방면(B1)
돌곶이역,승강기- 에스컬레이터,8번 출입구
돌곶이역,승강기- 에스컬레이터,8번 출입구
돌곶이역,승강기- 에스컬레이터,5번 출입구(B1)
돌곶이역,승강기- 엘리베이터,상월곡 방면4-4
돌곶이역,승강기- 엘리베이터,석계 방면4-4
돌곶이역,승강기- 엘리베이터,3번 출입구
석계역,승강기- 무빙워크,1호선 환승통로(B2)
석계역,승강기- 무빙워크,1호선 환승통로(B2)
석계역,승강기- 에스컬레이터,돌곶이 방면1-1
석계역,승강기- 에스컬레이터,"1호선 환승통로(B2, M/W 앞)"
석계역,승강기- 에스컬레이터,"1호선 환승통로(B2, 승강장방면)"
석계역,승강기- 에스컬레이터,"1호선 환승통로(B2, 승강장방면)"
석계역,승강기- 에스컬레이터,2번 출입구
석계역,승강기- 에스컬레이터,2번 출입구
석계역,승강기- 에스컬레이터,태릉입구 방면8-4
석계역,승강기- 에스컬레이터,돌곶이 방면6-3
석계역,승강기- 에스컬레이터,태릉입구 방면3-2
석계역,승강기- 에스컬레이터,7번 출입구 방면(B2)
석계역,승강기- 에스컬레이터,3번 출입구 방면
석계역,승강기- 에스컬레이터,4번 출입구
석계역,승강기- 에스컬레이터,4번 출입구
석계역,승강기- 에스컬레이터,"1호선 환승통로(B2, M/W 앞)"
석계역,승강기- 엘리베이터,돌곶이 방면3-3
석계역,승강기- 엘리베이터,태릉입구 방면6-2
석계역,승강기- 엘리베이터,1번 출입구
석계역,승강기- 엘리베이터,4번 출입구
석계역,승강기- 휠체어리프트,돌곶이 방면1-1
석계역,승강기- 휠체어리프트,태릉입구 방면8-4
태릉입구역,승강기- 에스컬레이터,환승통로(7호선 공릉 방면8-4)
태릉입구역,승강기- 에스컬레이터,7번 출입구
태릉입구역,승강기- 에스컬레이터,7번 출입구
태릉입구역,승강기- 에스컬레이터,"대합실(B1, 6번 출입구 방면)"
태릉입구역,승강기- 에스컬레이터,"대합실(B1, 6번 출입구 방면)"
태릉입구역,승강기- 에스컬레이터,6번 출입구
태릉입구역,승강기- 에스컬레이터,6번 출입구
태릉입구역,승강기- 에스컬레이터,환승통로(7호선 공릉 방면8-4)
태릉입구역,승강기- 에스컬레이터,환승통로(7호선 먹골 방면1-1)
태릉입구역,승강기- 에스컬레이터,환승통로(7호선 먹골 방면1-1)
태릉입구역,승강기- 에스컬레이터,환승통로(6호선 석계 방면8-4)
태릉입구역,승강기- 에스컬레이터,환승통로(6호선 석계 방면8-4)
태릉입구역,승강기- 에스컬레이터,환승통로(6호선 화랑대 방면1-1)
태릉입구역,승강기- 에스컬레이터,환승통로(6호선 화랑대 방면1-1)
태릉입구역,승강기- 엘리베이터,석계 방면5-3
태릉입구역,승강기- 엘리베이터,화랑대 방면3-4
태릉입구역,승강기- 엘리베이터,8번 출입구
태릉입구역,승강기- 엘리베이터,6번 출입구
화랑대역,승강기- 에스컬레이터,3번 출입구
화랑대역,승강기- 에스컬레이터,3번 출입구
화랑대역,승강기- 에스컬레이터,7번 출입구
화랑대역,승강기- 에스컬레이터,7번 출입구
화랑대역,승강기- 엘리베이터,태릉입구 방면5-4
화랑대역,승강기- 엘리베이터,봉화산 방면4-1
화랑대역,승강기- 엘리베이터,1번 출입구
화랑대역,승강기- 엘리베이터,7번 출입구
봉화산역,승강기- 에스컬레이터,화랑대 방면8-4
봉화산역,승강기- 에스컬레이터,신내 방면1-1
봉화산역,승강기- 에스컬레이터,3번 출입구
봉화산역,승강기- 에스컬레이터,3번 출입구
봉화산역,승강기- 엘리베이터,2번 출입구
봉화산역,승강기- 엘리베이터,4번 출입구
봉화산역,승강기- 휠체어리프트,화랑대 방면8-4
봉화산역,승강기- 휠체어리프트,신내 방면1-1
신내역,승강기- 에스컬레이터,"신내, 봉화산 방면7-4"
신내역,승강기- 에스컬레이터,"신내, 봉화산 방면7-4"
신내역,승강기- 엘리베이터,"신내, 봉화산 방면8-3"
장암역,승강기- 엘리베이터,1번 출입구
장암역,승강기- 엘리베이터,1번 출입구
도봉산역,승강기- 엘리베이터,장암 방면7-2
도봉산역,승강기- 엘리베이터,수락산 방면1-4
도봉산역,승강기- 엘리베이터,장암 방면3-4
도봉산역,승강기- 엘리베이터,수락산 방면4-2
도봉산역,승강기- 엘리베이터,1-1번 출입구
수락산역,승강기- 에스컬레이터,3번 출입구
수락산역,승강기- 에스컬레이터,3번 출입구
수락산역,승강기- 에스컬레이터,1번 출입구
수락산역,승강기- 에스컬레이터,6번 출입구
수락산역,승강기- 에스컬레이터,4번 출입구
수락산역,승강기- 에스컬레이터,4번 출입구
수락산역,승강기- 엘리베이터,1번 출입구
수락산역,승강기- 휠체어리프트,도봉산 방면1-1
수락산역,승강기- 휠체어리프트,마들 방면8-4
마들역,승강기- 에스컬레이터,"대합실(B2, 화장실 측)"
마들역,승강기- 에스컬레이터,"대합실(B2, 화장실 측)"
마들역,승강기- 에스컬레이터,3번 출입구
마들역,승강기- 에스컬레이터,3번 출입구
마들역,승강기- 에스컬레이터,6번 출입구
마들역,승강기- 에스컬레이터,6번 출입구
마들역,승강기- 에스컬레이터,개집표기 앞(B2)
마들역,승강기- 에스컬레이터,개집표기 앞(B2)
마들역,승강기- 엘리베이터,"수락산 방면8-4, 노원 방면1-1"
마들역,승강기- 엘리베이터,5번 출입구
마들역,승강기- 엘리베이터,4번 출입구
마들역,승강기- 엘리베이터,2번 출입구
마들역,승강기- 휠체어리프트,화장실 측(B2)
노원역,승강기- 에스컬레이터,"마들 방면1-1, 중계 방면8-4"
노원역,승강기- 에스컬레이터,3번 출입구
노원역,승강기- 에스컬레이터,3번 출입구
노원역,승강기- 에스컬레이터,6번 출입구
노원역,승강기- 에스컬레이터,6번 출입구
노원역,승강기- 에스컬레이터,8번 출입구
노원역,승강기- 에스컬레이터,8번 출입구
노원역,승강기- 에스컬레이터,"마들 방면1-1, 중계 방면8-4"
노원역,승강기- 에스컬레이터,"마들 방면1-1, 중계 방면8-4"
노원역,승강기- 에스컬레이터,"환승통로(B1, 4호선 방면)"
노원역,승강기- 에스컬레이터,"환승통로(B1, 4호선 방면)"
노원역,승강기- 에스컬레이터,환승통로(4호선 방면)
노원역,승강기- 에스컬레이터,환승통로(4호선 방면)
노원역,승강기- 에스컬레이터,환승통로(4호선 방면)
노원역,승강기- 에스컬레이터,환승통로(4호선 방면)
노원역,승강기- 엘리베이터,"마들 방면4-4, 중계 방면4-3"
노원역,승강기- 엘리베이터,3번 출입구
노원역,승강기- 엘리베이터,6번 출입구
노원역,승강기- 엘리베이터,5번 출입구
중계역,승강기- 에스컬레이터,1번 출입구
중계역,승강기- 에스컬레이터,6번 출입구
중계역,승강기- 에스컬레이터,1번 출입구
중계역,승강기- 에스컬레이터,3번 출입구
중계역,승강기- 에스컬레이터,3번 출입구
중계역,승강기- 에스컬레이터,"노원 방면3-4, 하계 방면6-1"
중계역,승강기- 에스컬레이터,"노원 방면3-4, 하계 방면6-1"
중계역,승강기- 에스컬레이터,4번 출입구
중계역,승강기- 에스컬레이터,4번 출입구
중계역,승강기- 에스컬레이터,6번 출입구
중계역,승강기- 엘리베이터,"노원 방면5-1, 하계 방면4-4"
중계역,승강기- 엘리베이터,5번 출입구
중계역,승강기- 엘리베이터,3번 출입구
하계역,승강기- 에스컬레이터,2번 출입구
하계역,승강기- 에스컬레이터,2번 출입구
하계역,승강기- 에스컬레이터,4번 출입구
하계역,승강기- 에스컬레이터,4번 출입구
하계역,승강기- 에스컬레이터,3번 출입구
하계역,승강기- 에스컬레이터,3번 출입구
하계역,승강기- 엘리베이터,"중계 방면4-4, 공릉 방면5-1"
하계역,승강기- 엘리베이터,1번 출입구
하계역,승강기- 엘리베이터,6번 출입구
공릉역,승강기- 에스컬레이터,하계 방면7-3
공릉역,승강기- 에스컬레이터,태릉입구 방면2-2
공릉역,승강기- 에스컬레이터,대합실
공릉역,승강기- 에스컬레이터,대합실
공릉역,승강기- 에스컬레이터,4번 출입구
공릉역,승강기- 에스컬레이터,4번 출입구
공릉역,승강기- 에스컬레이터,1번 출입구
공릉역,승강기- 에스컬레이터,1번 출입구
공릉역,승강기- 엘리베이터,하계 방면7-3
공릉역,승강기- 엘리베이터,태릉입구 방면2-2
공릉역,승강기- 엘리베이터,2번 출입구
태릉입구역,승강기- 에스컬레이터,대합실(B3)
태릉입구역,승강기- 에스컬레이터,대합실(B3)
태릉입구역,승강기- 에스컬레이터,대합실(B3)
태릉입구역,승강기- 에스컬레이터,대합실(B3)
태릉입구역,승강기- 에스컬레이터,대합실(B3)
태릉입구역,승강기- 에스컬레이터,대합실(B3)
태릉입구역,승강기- 에스컬레이터,4번 출입구
태릉입구역,승강기- 에스컬레이터,4번 출입구
태릉입구역,승강기- 엘리베이터,공릉 방면6-4
태릉입구역,승강기- 엘리베이터,먹골 방면3-1
먹골역,승강기- 에스컬레이터,2번 출입구
먹골역,승강기- 에스컬레이터,2번 출입구
먹골역,승강기- 에스컬레이터,7번 출입구
먹골역,승강기- 에스컬레이터,7번 출입구
먹골역,승강기- 에스컬레이터,5번 출입구
먹골역,승강기- 에스컬레이터,5번 출입구
먹골역,승강기- 엘리베이터,태릉입구 방면4-4
먹골역,승강기- 엘리베이터,중화 방면5-1
먹골역,승강기- 엘리베이터,2번 출입구
중화역,승강기- 에스컬레이터,먹골 방면3-3
중화역,승강기- 에스컬레이터,먹골 방면3-3
중화역,승강기- 에스컬레이터,상봉 방면6-1
중화역,승강기- 에스컬레이터,상봉 방면6-1
중화역,승강기- 에스컬레이터,3번 출입구
중화역,승강기- 에스컬레이터,3번 출입구
중화역,승강기- 엘리베이터,먹골 방면4-4
중화역,승강기- 엘리베이터,상봉 방면5-1
중화역,승강기- 엘리베이터,3번 출입구
상봉역,승강기- 에스컬레이터,1번 출입구
상봉역,승강기- 에스컬레이터,1번 출입구
상봉역,승강기- 에스컬레이터,2번 출입구
상봉역,승강기- 에스컬레이터,2번 출입구
상봉역,승강기- 에스컬레이터,3번 출입구
상봉역,승강기- 에스컬레이터,3번 출입구
상봉역,승강기- 엘리베이터,중화 방면3-2
상봉역,승강기- 엘리베이터,면목 방면6-2
상봉역,승강기- 엘리베이터,중화 방면4-2
상봉역,승강기- 엘리베이터,면목 방면5-1
상봉역,승강기- 엘리베이터,3번 출입구
면목역,승강기- 에스컬레이터,대합실
면목역,승강기- 에스컬레이터,대합실
면목역,승강기- 에스컬레이터,3번 출입구
면목역,승강기- 에스컬레이터,3번 출입구
면목역,승강기- 에스컬레이터,2번 출입구
면목역,승강기- 에스컬레이터,2번 출입구
면목역,승강기- 엘리베이터,상봉 방면4-4
면목역,승강기- 엘리베이터,사가정 방면5-2
면목역,승강기- 엘리베이터,3번 출입구
사가정역,승강기- 에스컬레이터,대합실
사가정역,승강기- 에스컬레이터,2번 출입구
사가정역,승강기- 에스컬레이터,대합실
사가정역,승강기- 에스컬레이터,1번 출입구
사가정역,승강기- 에스컬레이터,1번 출입구
사가정역,승강기- 에스컬레이터,3번 출입구
사가정역,승강기- 에스컬레이터,3번 출입구
사가정역,승강기- 에스컬레이터,4번 출입구
사가정역,승강기- 에스컬레이터,4번 출입구
사가정역,승강기- 에스컬레이터,2번 출입구
사가정역,승강기- 엘리베이터,면목 방면3-3
사가정역,승강기- 엘리베이터,용마산 방면6-2
사가정역,승강기- 엘리베이터,3번 출입구
용마산역,승강기- 에스컬레이터,대합실
용마산역,승강기- 에스컬레이터,대합실
용마산역,승강기- 에스컬레이터,대합실
용마산역,승강기- 에스컬레이터,대합실
용마산역,승강기- 에스컬레이터,1번 출입구
용마산역,승강기- 에스컬레이터,1번 출입구
용마산역,승강기- 에스컬레이터,3번 출입구
용마산역,승강기- 에스컬레이터,3번 출입구
용마산역,승강기- 엘리베이터,사가정 방면3-3
용마산역,승강기- 엘리베이터,중곡 방면6-1
용마산역,승강기- 엘리베이터,1번 출입구
중곡역,승강기- 에스컬레이터,4번 출입구
중곡역,승강기- 에스컬레이터,4번 출입구
중곡역,승강기- 에스컬레이터,2번 출입구
중곡역,승강기- 에스컬레이터,2번 출입구
중곡역,승강기- 엘리베이터,용마산 방면4-4
중곡역,승강기- 엘리베이터,군자 방면5-1
중곡역,승강기- 엘리베이터,1번 출입구
군자역,승강기- 에스컬레이터,대합실
군자역,승강기- 에스컬레이터,대합실
군자역,승강기- 에스컬레이터,대합실
군자역,승강기- 에스컬레이터,대합실
군자역,승강기- 에스컬레이터,대합실
군자역,승강기- 에스컬레이터,대합실
군자역,승강기- 엘리베이터 1,7번 출입구
어린이대공원역,승강기- 에스컬레이터,5번 출입구
어린이대공원역,승강기- 에스컬레이터,5번 출입구
어린이대공원역,승강기- 에스컬레이터,3번 출입구
어린이대공원역,승강기- 에스컬레이터,3번 출입구
어린이대공원역,승강기- 에스컬레이터,1번 출입구
어린이대공원역,승강기- 에스컬레이터,1번 출입구
어린이대공원역,승강기- 엘리베이터,군자 방면3-3
어린이대공원역,승강기- 엘리베이터,건대입구 방면6-2
어린이대공원역,승강기- 엘리베이터,1번 출입구
어린이대공원역,승강기- 엘리베이터,5번 출입구
건대입구역,승강기- 에스컬레이터,"대합실(B3, 2호선 환승통로)"
건대입구역,승강기- 에스컬레이터,3번 출입구
건대입구역,승강기- 에스컬레이터,3번 출입구
건대입구역,승강기- 에스컬레이터,"대합실(B3, 2호선 환승통로)"
건대입구역,승강기- 에스컬레이터,"2호선 환승통로(E/S ,2 상부)"
건대입구역,승강기- 에스컬레이터,"2호선 환승통로(E/S ,2 상부)"
건대입구역,승강기- 에스컬레이터,환승통로(뚝섬유원지 방면1-1)
건대입구역,승강기- 에스컬레이터,환승통로(뚝섬유원지 방면1-1)
건대입구역,승강기- 에스컬레이터,어린이대공원 방면6-4
건대입구역,승강기- 에스컬레이터,"대합실(B2, 3번 출입구방면)"
건대입구역,승강기- 에스컬레이터,"대합실(B2, 3번 출입구방면)"
건대입구역,승강기- 엘리베이터,어린이대공원 방면5-4
건대입구역,승강기- 엘리베이터,뚝섬유원지 방면4-1
건대입구역,승강기- 휠체어리프트,뚝섬유원지 방면1-1
건대입구역,승강기- 휠체어리프트,"대합실(B2, 3번 출입구 방면)"
건대입구역,승강기- 휠체어리프트,3번 출입구
뚝섬유원지역,승강기- 에스컬레이터,1번 출입구
뚝섬유원지역,승강기- 에스컬레이터,1번 출입구
뚝섬유원지역,승강기- 에스컬레이터,4번 출입구
뚝섬유원지역,승강기- 에스컬레이터,4번 출입구
뚝섬유원지역,승강기- 엘리베이터,1번 출입구
뚝섬유원지역,승강기- 엘리베이터,건대입구 방면1-4
뚝섬유원지역,승강기- 엘리베이터,청담 방면7-4
청담역,승강기- 에스컬레이터,"4,5,10,11번 출입구방면 통로"
청담역,승강기- 에스컬레이터,2번 출입구
청담역,승강기- 에스컬레이터,6번 출입구
청담역,승강기- 에스컬레이터,6번 출입구
청담역,승강기- 에스컬레이터,7번 출입구
청담역,승강기- 에스컬레이터,7번 출입구
청담역,승강기- 에스컬레이터,9번 출입구
청담역,승강기- 에스컬레이터,9번 출입구
청담역,승강기- 에스컬레이터,"4,5,10,11번 출입구방면 통로"
청담역,승강기- 에스컬레이터,4번 출입구
청담역,승강기- 에스컬레이터,4번 출입구
청담역,승강기- 에스컬레이터,10번 출입구
청담역,승강기- 에스컬레이터,10번 출입구
청담역,승강기- 에스컬레이터,1번 출입구
청담역,승강기- 에스컬레이터,1번 출입구
청담역,승강기- 에스컬레이터,2번 출입구
청담역,승강기- 엘리베이터,5번 출입구
청담역,승강기- 엘리베이터,10번 출입구
청담역,승강기- 휠체어리프트,뚝섬유원지 방면8-4
청담역,승강기- 휠체어리프트,강남구청 방면1-1
강남구청역,승강기- 에스컬레이터,대합실(1~4번 출입구 방면)
강남구청역,승강기- 에스컬레이터,대합실(1~4번 출입구 방면)
강남구청역,승강기- 에스컬레이터,대합실(1~4번 출입구 방면)
강남구청역,승강기- 에스컬레이터,대합실(1~4번 출입구 방면)
강남구청역,승강기- 에스컬레이터,1번 출입구
강남구청역,승강기- 에스컬레이터,1번 출입구
강남구청역,승강기- 에스컬레이터,4번 출입구
강남구청역,승강기- 엘리베이터,청담 방면1-1
강남구청역,승강기- 엘리베이터,학동 방면8-4
강남구청역,승강기- 휠체어리프트,대합실(1~4번 출입구 방면)
학동역,승강기- 에스컬레이터,3~5번 출입구 방면 통로
학동역,승강기- 에스컬레이터,"1,2,9,10번 출입구 방면 통로"
학동역,승강기- 에스컬레이터,3~5번 출입구 방면 통로
학동역,승강기- 에스컬레이터,6~8번 출입구 방면 통로
학동역,승강기- 에스컬레이터,6~8번 출입구 방면 통로
학동역,승강기- 에스컬레이터,1번 출입구
학동역,승강기- 에스컬레이터,1번 출입구
학동역,승강기- 에스컬레이터,10번 출입구
학동역,승강기- 에스컬레이터,10번 출입구
학동역,승강기- 에스컬레이터,"1,2,9,10번 출입구 방면 통로"
학동역,승강기- 엘리베이터,강남구청 방면4-4
학동역,승강기- 엘리베이터,논현 방면5-1
학동역,승강기- 엘리베이터,3번 출입구
논현역,승강기- 에스컬레이터,대합실(1~10번 출입구 방면)
논현역,승강기- 에스컬레이터,"대합실(7,8번 출입구)"
논현역,승강기- 에스컬레이터,"대합실(7,8번 출입구)"
논현역,승강기- 에스컬레이터,2번 출입구
논현역,승강기- 에스컬레이터,2번 출입구
논현역,승강기- 에스컬레이터,9번 출입구
논현역,승강기- 에스컬레이터,9번 출입구
논현역,승강기- 에스컬레이터,5번 출입구
논현역,승강기- 에스컬레이터,5번 출입구
논현역,승강기- 에스컬레이터,8번 출입구
논현역,승강기- 에스컬레이터,8번 출입구
논현역,승강기- 에스컬레이터,대합실(1~10번 출입구 방면)
논현역,승강기- 에스컬레이터,대합실(1~10번 출입구 방면)
논현역,승강기- 에스컬레이터,대합실(1~10번 출입구 방면)
논현역,승강기- 에스컬레이터,"대합실(1,2번 출입구)"
논현역,승강기- 에스컬레이터,"대합실(1,2번 출입구)"
논현역,승강기- 에스컬레이터,"대합실(9,10번 출입구)"
논현역,승강기- 에스컬레이터,"대합실(9,10번 출입구)"
논현역,승강기- 에스컬레이터,"대합실(5,6번 출입구)"
논현역,승강기- 엘리베이터,학동 방면7-4
논현역,승강기- 엘리베이터,반포 방면2-1
논현역,승강기- 엘리베이터,10번 출입구
논현역,승강기- 휠체어리프트,대합실(1~10번 출입구 방면)
반포역,승강기- 에스컬레이터,1번 출입구
반포역,승강기- 에스컬레이터,1번 출입구
반포역,승강기- 에스컬레이터,6번 출입구
반포역,승강기- 에스컬레이터,6번 출입구
반포역,승강기- 에스컬레이터,대합실(1~6번 출입구 방면)
반포역,승강기- 에스컬레이터,대합실(1~6번 출입구 방면)
반포역,승강기- 엘리베이터,논현 방면5-1
반포역,승강기- 엘리베이터,고속터미널 방면4-4
반포역,승강기- 엘리베이터,6번 출입구
반포역,승강기- 엘리베이터,1번 출입구
반포역,승강기- 휠체어리프트,대합실(1~6번 출입구 방면)
고속터미널역,승강기- 에스컬레이터,반포 방면2-4
고속터미널역,승강기- 에스컬레이터,"환승통로(3,9호선)"
고속터미널역,승강기- 에스컬레이터,"환승통로(3,9호선)"
고속터미널역,승강기- 에스컬레이터,대합실(3번 출입구)
고속터미널역,승강기- 에스컬레이터,대합실(3번 출입구)
고속터미널역,승강기- 에스컬레이터,대합실(4~6번 출입구 방면)
고속터미널역,승강기- 에스컬레이터,대합실(4~6번 출입구 방면)
고속터미널역,승강기- 에스컬레이터,3번 출입구 방면 통로
고속터미널역,승강기- 에스컬레이터,3번 출입구 방면 통로
고속터미널역,승강기- 에스컬레이터,3번 출입구
고속터미널역,승강기- 에스컬레이터,3번 출입구
고속터미널역,승강기- 에스컬레이터,반포 방면2-4
고속터미널역,승강기- 에스컬레이터,"4,5,6번 출입구 방면 통로"
고속터미널역,승강기- 에스컬레이터,"4,5,6번 출입구 방면 통로"
고속터미널역,승강기- 에스컬레이터,내방 방면7-1
고속터미널역,승강기- 에스컬레이터,내방 방면7-1
고속터미널역,승강기- 에스컬레이터,반포 방면4-4
고속터미널역,승강기- 에스컬레이터,내방 방면5-1
고속터미널역,승강기- 에스컬레이터,반포 방면7-1
고속터미널역,승강기- 에스컬레이터,내방 방면2-4
고속터미널역,승강기- 에스컬레이터,"환승통로(3,9호선)"
고속터미널역,승강기- 엘리베이터,반포 방면3-3
고속터미널역,승강기- 엘리베이터,내방 방면6-2
고속터미널역,승강기- 휠체어리프트,"환승통로(3,9호선)"
고속터미널역,승강기- 휠체어리프트,대합실(3번 출입구 방면)
고속터미널역,승강기- 휠체어리프트,3번 출입구
고속터미널역,승강기- 휠체어리프트,"4,5,6번 출입구 방면 통로"
내방역,승강기- 에스컬레이터,2번 출입구
내방역,승강기- 에스컬레이터,대합실(1~8번 출입구 방면)
내방역,승강기- 에스컬레이터,2번 출입구
내방역,승강기- 에스컬레이터,4번 출입구
내방역,승강기- 에스컬레이터,4번 출입구
내방역,승강기- 에스컬레이터,6번 출입구
내방역,승강기- 에스컬레이터,6번 출입구
내방역,승강기- 에스컬레이터,7번 출입구
내방역,승강기- 에스컬레이터,7번 출입구
내방역,승강기- 에스컬레이터,대합실(1~8번 출입구 방면)
내방역,승강기- 엘리베이터,고속터미널 방면 5-2
내방역,승강기- 엘리베이터,이수 방면 4-2
내방역,승강기- 엘리베이터,대합실(고객상담실 앞)
내방역,승강기- 엘리베이터,3번 출입구
내방역,승강기- 엘리베이터,5번 출입구
총신대입구역,승강기- 무빙워크,4호선 환승통로(B4)
총신대입구역,승강기- 무빙워크,4호선 환승통로(B4)
총신대입구역,승강기- 에스컬레이터,내방 방면3-4
총신대입구역,승강기- 에스컬레이터,"대합실(9,10번 출입구 방면)"
총신대입구역,승강기- 에스컬레이터,"대합실(3~8,11,12번출입구방면)"
총신대입구역,승강기- 에스컬레이터,"대합실(3~8,11,12번출입구방면)"
총신대입구역,승강기- 에스컬레이터,"대합실(9,10번 출입구 방면)"
총신대입구역,승강기- 에스컬레이터,6번 출입구
총신대입구역,승강기- 에스컬레이터,6번 출입구
총신대입구역,승강기- 에스컬레이터,7번 출입구
총신대입구역,승강기- 에스컬레이터,7번 출입구
총신대입구역,승강기- 에스컬레이터,3번 출입구
총신대입구역,승강기- 에스컬레이터,3번 출입구
총신대입구역,승강기- 에스컬레이터,남성 방면6-1
총신대입구역,승강기- 에스컬레이터,12번 출입구
총신대입구역,승강기- 에스컬레이터,12번 출입구
총신대입구역,승강기- 에스컬레이터,10번 출입구
총신대입구역,승강기- 에스컬레이터,10번 출입구
총신대입구역,승강기- 에스컬레이터,대합실(환승구간 방면)
총신대입구역,승강기- 에스컬레이터,대합실(환승구간 방면)
총신대입구역,승강기- 에스컬레이터,환승통로(당고개 방면)
총신대입구역,승강기- 에스컬레이터,환승통로(당고개 방면)
총신대입구역,승강기- 에스컬레이터,환승통로(사당 방면)
총신대입구역,승강기- 에스컬레이터,환승통로(사당 방면)
총신대입구역,승강기- 에스컬레이터,"대합실(3~8,11,12번 출입구 방면)"
총신대입구역,승강기- 엘리베이터,내방 방면4-2
총신대입구역,승강기- 엘리베이터,남성 방면5-3
총신대입구역,승강기- 엘리베이터,11번 출입구
총신대입구역,승강기- 휠체어리프트,환승통로(당고개 방면)
총신대입구역,승강기- 휠체어리프트,환승통로(사당 방면)
총신대입구역,승강기- 휠체어리프트,대합실
남성역,승강기- 에스컬레이터,대합실(1~4번 출입구 방면)
남성역,승강기- 에스컬레이터,3번 출입구
남성역,승강기- 에스컬레이터,2번 출입구 방면 통로
남성역,승강기- 에스컬레이터,2번 출입구 방면 통로
남성역,승강기- 에스컬레이터,2번 출입구
남성역,승강기- 에스컬레이터,2번 출입구
남성역,승강기- 에스컬레이터,1번 출입구
남성역,승강기- 에스컬레이터,1번 출입구
남성역,승강기- 에스컬레이터,4번 출입구
남성역,승강기- 에스컬레이터,4번 출입구
남성역,승강기- 에스컬레이터,대합실(1~4번 출입구 방면)
남성역,승강기- 에스컬레이터,3번 출입구 방면 통로
남성역,승강기- 에스컬레이터,3번 출입구 방면 통로
남성역,승강기- 에스컬레이터,3번 출입구
남성역,승강기- 엘리베이터,이수 방면6-2
남성역,승강기- 엘리베이터,숭실대입구 방면3-3
남성역,승강기- 엘리베이터,3번 출입구
남성역,승강기- 엘리베이터,2번 출입구
숭실대입구역,승강기- 에스컬레이터,대합실
숭실대입구역,승강기- 에스컬레이터,4번 출입구
숭실대입구역,승강기- 에스컬레이터,3번 출입구
숭실대입구역,승강기- 에스컬레이터,3번 출입구
숭실대입구역,승강기- 에스컬레이터,대합실
숭실대입구역,승강기- 에스컬레이터,대합실
숭실대입구역,승강기- 에스컬레이터,대합실(1~4번 출입구 방면)
숭실대입구역,승강기- 에스컬레이터,대합실(1~4번 출입구 방면)
숭실대입구역,승강기- 에스컬레이터,대합실(1~4번 출입구 방면)
숭실대입구역,승강기- 에스컬레이터,1번 출입구
숭실대입구역,승강기- 에스컬레이터,1번 출입구
숭실대입구역,승강기- 에스컬레이터,4번 출입구
숭실대입구역,승강기- 엘리베이터,남성 방면6-1
숭실대입구역,승강기- 엘리베이터,상도 방면3-3
숭실대입구역,승강기- 엘리베이터,2번 출입구
숭실대입구역,승강기- 엘리베이터,3번 출입구
상도역,승강기- 에스컬레이터,대합실(1~5번 출입구 방면)
상도역,승강기- 에스컬레이터,4번 출입구
상도역,승강기- 에스컬레이터,4번 출입구
상도역,승강기- 에스컬레이터,"1,2번 출입구 방면 통로"
상도역,승강기- 에스컬레이터,"1,2번 출입구 방면 통로"
상도역,승강기- 에스컬레이터,3~5번 출입구 방면 통로
상도역,승강기- 에스컬레이터,3~5번 출입구 방면 통로
상도역,승강기- 에스컬레이터,2번 출입구
상도역,승강기- 에스컬레이터,2번 출입구
상도역,승강기- 에스컬레이터,5번 출입구
상도역,승강기- 에스컬레이터,5번 출입구
상도역,승강기- 엘리베이터,숭실대입구 방면4-4
상도역,승강기- 엘리베이터,장승배기 방면4-4
상도역,승강기- 엘리베이터,5번 출입구
장승배기역,승강기- 에스컬레이터,"대합실(5,6번 출입구 방면)"
장승배기역,승강기- 에스컬레이터,6번 출입구
장승배기역,승강기- 에스컬레이터,상도 방면3-3
장승배기역,승강기- 에스컬레이터,상도 방면3-3
장승배기역,승강기- 에스컬레이터,신대방삼거리 방면4-4
장승배기역,승강기- 에스컬레이터,신대방삼거리 방면4-4
장승배기역,승강기- 에스컬레이터,"대합실(3,4번 출입구 방면)"
장승배기역,승강기- 에스컬레이터,5번 출입구 방면 통로
장승배기역,승강기- 에스컬레이터,5번 출입구 방면 통로
장승배기역,승강기- 에스컬레이터,1번 출입구
장승배기역,승강기- 에스컬레이터,1번 출입구
장승배기역,승강기- 에스컬레이터,2번 출입구
장승배기역,승강기- 에스컬레이터,2번 출입구
장승배기역,승강기- 에스컬레이터,6번 출입구
장승배기역,승강기- 엘리베이터,상도 방면4-4
장승배기역,승강기- 엘리베이터,신대방삼거리 방면4-4
장승배기역,승강기- 엘리베이터,2번 출입구
신대방삼거리역,승강기- 에스컬레이터,"대합실(1,2,5,6번 출입구 방면)"
신대방삼거리역,승강기- 에스컬레이터,장승배기 방면3-4
신대방삼거리역,승강기- 에스컬레이터,보라매 방면3-4
신대방삼거리역,승강기- 에스컬레이터,보라매 방면3-4
신대방삼거리역,승강기- 에스컬레이터,"대합실(3,4번 출입구 방면)"
신대방삼거리역,승강기- 에스컬레이터,1번 출입구
신대방삼거리역,승강기- 에스컬레이터,1번 출입구
신대방삼거리역,승강기- 에스컬레이터,1번 출입구
신대방삼거리역,승강기- 에스컬레이터,1번 출입구
신대방삼거리역,승강기- 에스컬레이터,3번 출입구
신대방삼거리역,승강기- 에스컬레이터,3번 출입구
신대방삼거리역,승강기- 에스컬레이터,장승배기 방면3-4
신대방삼거리역,승강기- 엘리베이터,장승배기 방면4-4
신대방삼거리역,승강기- 엘리베이터,보라매 방면4-4
신대방삼거리역,승강기- 엘리베이터,대합실(고객상담실 옆)
신대방삼거리역,승강기- 엘리베이터,3번 출입구
보라매역,승강기- 에스컬레이터,"1,2번 출입구 방면 통로"
보라매역,승강기- 에스컬레이터,8번 출입구
보라매역,승강기- 에스컬레이터,8번 출입구
보라매역,승강기- 에스컬레이터,6번 출입구
보라매역,승강기- 엘리베이터,"신풍 방면5-1, 신대방삼거리 방면4-4"
보라매역,승강기- 엘리베이터,6번 출입구
신풍역,승강기- 에스컬레이터,1번 출입구
신풍역,승강기- 에스컬레이터,1번 출입구
신풍역,승강기- 에스컬레이터,3번 출입구
신풍역,승강기- 에스컬레이터,3번 출입구
신풍역,승강기- 엘리베이터,보라매 방면5-4
신풍역,승강기- 엘리베이터,대림 방면4-1
신풍역,승강기- 엘리베이터,4번 출입구
신풍역,승강기- 엘리베이터,5번 출입구
대림역,승강기- 에스컬레이터,신풍 방면8-4
대림역,승강기- 에스컬레이터,환승통로(2호선)
대림역,승강기- 에스컬레이터,환승통로(2호선)
대림역,승강기- 에스컬레이터,11번 출입구
대림역,승강기- 에스컬레이터,11번 출입구
대림역,승강기- 에스컬레이터,신풍 방면8-4
대림역,승강기- 에스컬레이터,남구로 방면1-1
대림역,승강기- 에스컬레이터,남구로 방면1-1
대림역,승강기- 에스컬레이터,10번 출입구
대림역,승강기- 에스컬레이터,10번 출입구
대림역,승강기- 에스컬레이터,환승통로(2호선)
대림역,승강기- 에스컬레이터,환승통로(2호선)
대림역,승강기- 에스컬레이터,환승통로(2호선)
대림역,승강기- 엘리베이터,신풍 방면5-1
대림역,승강기- 엘리베이터,남구로 방면4-4
대림역,승강기- 엘리베이터,10번 출입구
대림역,승강기- 휠체어리프트,"2호선 환승구간(E/S0,11 옆 계단)"
남구로역,승강기- 에스컬레이터,"대합실(1,6번 출입구 방면)"
남구로역,승강기- 에스컬레이터,2번 출입구
남구로역,승강기- 에스컬레이터,5번 출입구
남구로역,승강기- 에스컬레이터,5번 출입구
남구로역,승강기- 에스컬레이터,"대합실(1,6번 출입구 방면)"
남구로역,승강기- 에스컬레이터,대합실(2~5번 출입구 방면)
남구로역,승강기- 에스컬레이터,대합실(2~5번 출입구 방면)
남구로역,승강기- 에스컬레이터,"1,6번 출입구 방면 통로"
남구로역,승강기- 에스컬레이터,"1,6번 출입구 방면 통로"
남구로역,승강기- 에스컬레이터,2~5번 출입구 방면 통로
남구로역,승강기- 에스컬레이터,2~5번 출입구 방면 통로
남구로역,승강기- 에스컬레이터,2번 출입구
남구로역,승강기- 휠체어리프트,대림 방면1-1
남구로역,승강기- 휠체어리프트0,대합실(2~5번 출입구 방면)
남구로역,승강기- 휠체어리프트,4번 출입구
남구로역,승강기- 휠체어리프트,대림 방면8-4
남구로역,승강기- 휠체어리프트,가산디지털단지 방면8-4
남구로역,승강기- 휠체어리프트,가산디지털단지 방면1-1
남구로역,승강기- 휠체어리프트,"대합실(1,6번 출입구 방면)"
남구로역,승강기- 휠체어리프트,대합실(2~5번 출입구 방면)
남구로역,승강기- 휠체어리프트,"대합실(1,6번 출입구 방면)"
남구로역,승강기- 휠체어리프트,1번 출입구
남구로역,승강기- 휠체어리프트,대합실(2~5번 출입구 방면)
가산디지털단지역,승강기- 에스컬레이터,"대합실(4,5,6번 출입구 및 1호선 환승구간 방면)"
가산디지털단지역,승강기- 에스컬레이터,환승통로(7호선 대합실-1호선 승강장)
가산디지털단지역,승강기- 에스컬레이터,환승통로(7호선 대합실-1호선 승강장)
가산디지털단지역,승강기- 에스컬레이터,환승통로(7호선 대합실-1호선 승강장)
가산디지털단지역,승강기- 에스컬레이터,8번 출입구
가산디지털단지역,승강기- 에스컬레이터,8번 출입구
가산디지털단지역,승강기- 에스컬레이터,"대합실(4,5,6번 출입구 및 1호선 환승구간 방면)"
가산디지털단지역,승강기- 에스컬레이터,"대합실(4,5,6번 출입구 및 1호선 환승구간 방면)"
가산디지털단지역,승강기- 에스컬레이터,"대합실(7,8,9번 출입구 방면)"
가산디지털단지역,승강기- 에스컬레이터,"대합실(7,8,9번 출입구 방면)"
가산디지털단지역,승강기- 에스컬레이터,"대합실(7,8,9번 출입구 방면)"
가산디지털단지역,승강기- 에스컬레이터,7번 출입구
가산디지털단지역,승강기- 에스컬레이터,7번 출입구
가산디지털단지역,승강기- 에스컬레이터,환승통로(7호선 대합실-1호선 승강장)
가산디지털단지역,승강기- 엘리베이터,남구로 방면5-4
가산디지털단지역,승강기- 엘리베이터,철산 방면4-1
가산디지털단지역,승강기- 엘리베이터,대합실(지하2층)
가산디지털단지역,승강기- 엘리베이터,9번 출입구
가산디지털단지역,승강기- 휠체어리프트,4번 출입구
가산디지털단지역,승강기- 휠체어리프트,4번 출입구
가산디지털단지역,승강기- 휠체어리프트,5번 출입구
가산디지털단지역,승강기- 휠체어리프트,5번 출입구
철산역,승강기- 에스컬레이터,2번 출입구
철산역,승강기- 에스컬레이터,2번 출입구
철산역,승강기- 에스컬레이터,1번 출입구
철산역,승강기- 에스컬레이터,1번 출입구
철산역,승강기- 에스컬레이터,4번 출입구
철산역,승강기- 에스컬레이터,4번 출입구
철산역,승강기- 엘리베이터,가산디지털단지 방면5-1
철산역,승강기- 엘리베이터,광명사거리 방면4-4
철산역,승강기- 엘리베이터,1번 출입구
철산역,승강기- 엘리베이터,4번 출입구
광명사거리역,승강기- 에스컬레이터,9번 출입구
광명사거리역,승강기- 에스컬레이터,9번 출입구
광명사거리역,승강기- 엘리베이터,천왕 방면2-1
광명사거리역,승강기- 엘리베이터,2번 출입구
광명사거리역,승강기- 휠체어리프트,철산 방면8-4
천왕역,승강기- 에스컬레이터,3번 출입구
천왕역,승강기- 에스컬레이터,3번 출입구
천왕역,승강기- 에스컬레이터,1번 출입구
천왕역,승강기- 에스컬레이터,1번 출입구
천왕역,승강기- 에스컬레이터,2번 출입구
천왕역,승강기- 에스컬레이터,2번 출입구
천왕역,승강기- 엘리베이터,광명사거리 방면5-1
천왕역,승강기- 엘리베이터,온수 방면4-4
천왕역,승강기- 엘리베이터,3번 출입구
천왕역,승강기- 엘리베이터,2번 출입구
온수역,승강기- 무빙워크,1호선 환승통로(B1)
온수역,승강기- 무빙워크,1호선 환승통로(B1)
온수역,승강기- 에스컬레이터,천왕 방면1-1
온수역,승강기- 에스컬레이터,2번 출입구
온수역,승강기- 에스컬레이터,5번 출입구
온수역,승강기- 에스컬레이터,5번 출입구
온수역,승강기- 에스컬레이터,환승통로(7호선 대합실-1호선 승강장)
온수역,승강기- 에스컬레이터,환승통로(7호선 대합실-1호선 승강장)
온수역,승강기- 에스컬레이터,환승통로(7호선 대합실-1호선 승강장)
온수역,승강기- 에스컬레이터,환승통로(7호선 대합실-1호선 승강장)
온수역,승강기- 에스컬레이터,천왕 방면8-4
온수역,승강기- 에스컬레이터,까치울 방면8-4
온수역,승강기- 에스컬레이터,까치울 방면1-1
온수역,승강기- 에스컬레이터,5번 출입구
온수역,승강기- 에스컬레이터,5번 출입구
온수역,승강기- 에스컬레이터,환승통로(1호선 승강장)
온수역,승강기- 에스컬레이터,환승통로(1호선 승강장)
온수역,승강기- 에스컬레이터,2번 출입구
온수역,승강기- 엘리베이터,천왕 방면4-4
온수역,승강기- 엘리베이터,까치울 방면5-1
온수역,승강기- 엘리베이터,2번 출입구
온수역,승강기- 휠체어리프트,환승통로(7호선 승강장-1호선)
온수역,승강기- 휠체어리프트,환승통로(7호선 승강장-1호선)
온수역,승강기- 휠체어리프트,환승통로(환승통로-1호선 인천 방면 승강장)
온수역,승강기- 휠체어리프트,환승통로(환승통로-1호선 서울 방면 승강장)
온수역,승강기- 휠체어리프트,6번 출입구
암사역,승강기- 에스컬레이터,1번 출입구
암사역,승강기- 에스컬레이터,1번 출입구
암사역,승강기- 에스컬레이터,4번 출입구
암사역,승강기- 에스컬레이터,4번 출입구
암사역,승강기- 엘리베이터,암사 방면3-4
암사역,승강기- 엘리베이터,천호 방면4-1
암사역,승강기- 엘리베이터,"3,4번 출입구 사이"
천호역,승강기- 엘리베이터,암사 방면2-2
천호역,승강기- 엘리베이터,강동구청 방면5-4
강동구청역,승강기- 에스컬레이터,대합실(B2-B1)
강동구청역,승강기- 에스컬레이터,대합실(B2-B1)
강동구청역,승강기- 에스컬레이터,1번 출입구
강동구청역,승강기- 에스컬레이터,2번 출입구
강동구청역,승강기- 에스컬레이터,4번 출입구
강동구청역,승강기- 엘리베이터,천호 방면4-2
강동구청역,승강기- 엘리베이터,"몽촌토성 방면 3-2,3-3 사이"
강동구청역,승강기- 엘리베이터,4번 출입구
몽촌토성역,승강기- 에스컬레이터,"대합실(B2, E/L 앞)"
몽촌토성역,승강기- 에스컬레이터,대합실(개찰구 측)
몽촌토성역,승강기- 에스컬레이터,1번 출입구
몽촌토성역,승강기- 에스컬레이터,1번 출입구
몽촌토성역,승강기- 에스컬레이터,"2,3번 출입구 사이"
몽촌토성역,승강기- 에스컬레이터,"2,3번 출입구 사이"
몽촌토성역,승강기- 에스컬레이터,5번 출입구
몽촌토성역,승강기- 에스컬레이터,5번 출입구
몽촌토성역,승강기- 엘리베이터,강동구청 방면3-4
몽촌토성역,승강기- 엘리베이터,잠실 방면3-4
몽촌토성역,승강기- 엘리베이터,대합실(B1 화장실 측)
몽촌토성역,승강기- 엘리베이터,"대합실(B1, 4번 출입구 화장실 앞)"
잠실역,승강기- 에스컬레이터,9번 출입구
잠실역,승강기- 에스컬레이터,"대합실(9,10번 출입구 사이)"
잠실역,승강기- 에스컬레이터,"대합실(9,10번 출입구 사이)"
잠실역,승강기- 에스컬레이터,고객 안전실
잠실역,승강기- 에스컬레이터,고객 안전실
잠실역,승강기- 엘리베이터,몽촌토성 방면2-3
잠실역,승강기- 엘리베이터,석촌 방면5-2
잠실역,승강기- 엘리베이터,9번 출입구
잠실역,승강기- 휠체어리프트,몽촌토성 방면6-4 환승통로 계단
잠실역,승강기- 휠체어리프트,석촌 방면1-1 환승통로 계단
잠실역,승강기- 휠체어리프트,사당 방면 환승통로 끝 계단
석촌역,승강기- 엘리베이터,암사 방면3-4
석촌역,승강기- 엘리베이터,잠실 방면 3-4
석촌역,승강기- 엘리베이터,1번 출입구
송파역,승강기- 에스컬레이터,3번 출입구
송파역,승강기- 에스컬레이터,3번 출입구
송파역,승강기- 에스컬레이터,4번 출입구
송파역,승강기- 에스컬레이터,4번 출입구
송파역,승강기- 엘리베이터,"가락시장 방면 3-4,4-1 사이"
송파역,승강기- 엘리베이터,석촌 방면3-4
송파역,승강기- 엘리베이터,"1,2번 출입구 사이"
송파역,승강기- 엘리베이터,4번 출입구
가락시장역,승강기- 에스컬레이터,"환승통로(B3, 3호선)"
가락시장역,승강기- 에스컬레이터,5번 출입구
가락시장역,승강기- 에스컬레이터,6번 출입구
가락시장역,승강기- 에스컬레이터,6번 출입구
가락시장역,승강기- 에스컬레이터,"환승통로(B3, 3호선)"
가락시장역,승강기- 에스컬레이터,"환승통로(B3, 3호선)"
가락시장역,승강기- 에스컬레이터,"환승통로(B3, 3호선)"
가락시장역,승강기- 에스컬레이터,1번 출입구
가락시장역,승강기- 에스컬레이터,1번 출입구
가락시장역,승강기- 에스컬레이터,2번 출입구
가락시장역,승강기- 에스컬레이터,2번 출입구
가락시장역,승강기- 에스컬레이터,5번 출입구
가락시장역,승강기- 엘리베이터,송파 방면5-4
가락시장역,승강기- 엘리베이터,문정 방면2-3
가락시장역,승강기- 엘리베이터,암사 방면6-4
가락시장역,승강기- 엘리베이터,환승통로(암사방면)
가락시장역,승강기- 엘리베이터,"1,2번 출입구 사이"
가락시장역,승강기- 엘리베이터,"3,4번 출입구 사이"
문정역,승강기- 에스컬레이터,2번 출입구
문정역,승강기- 에스컬레이터,2번 출입구
문정역,승강기- 에스컬레이터,3번 출입구
문정역,승강기- 에스컬레이터,3번 출입구
문정역,승강기- 에스컬레이터,4번 출입구(중층) 연결통로
문정역,승강기- 에스컬레이터,4번 출입구(중층) 연결통로
문정역,승강기- 에스컬레이터,4번 출입구
문정역,승강기- 에스컬레이터,4번 출입구
문정역,승강기- 엘리베이터,가락시장 방면3-4
문정역,승강기- 엘리베이터,장지 방면4-1
문정역,승강기- 엘리베이터,2번 출입구
문정역,승강기- 엘리베이터,4번 출입구
장지역,승강기- 에스컬레이터,대합실
장지역,승강기- 에스컬레이터,대합실
장지역,승강기- 에스컬레이터,대합실
장지역,승강기- 에스컬레이터,대합실
장지역,승강기- 에스컬레이터,3번 출입구
장지역,승강기- 에스컬레이터,3번 출입구
장지역,승강기- 에스컬레이터,1번 출입구
장지역,승강기- 에스컬레이터,1번 출입구
장지역,승강기- 엘리베이터,문정 방면4-1
장지역,승강기- 엘리베이터,복정 방면3-4
장지역,승강기- 엘리베이터,1번 출입구
장지역,승강기- 엘리베이터,3번 출입구
복정역,승강기- 에스컬레이터,"장지 방면5-2, 남위례 방면2-2"
복정역,승강기- 에스컬레이터,2번 출입구
복정역,승강기- 에스컬레이터,2번 출입구
복정역,승강기- 에스컬레이터,1-1번 출입구
복정역,승강기- 에스컬레이터,1-1번 출입구
복정역,승강기- 엘리베이터,"장지 방면3-4, 남위례 방면3-4"
복정역,승강기- 휠체어리프트,4번 출입구
산성역,승강기- 에스컬레이터,남위례 방면1-3
산성역,승강기- 에스컬레이터,대합실
산성역,승강기- 에스컬레이터,대합실
산성역,승강기- 에스컬레이터,2번 출입구
산성역,승강기- 에스컬레이터,2번 출입구
산성역,승강기- 에스컬레이터,남위례 방면1-3
산성역,승강기- 에스컬레이터,남한산성입구 방면6-2
산성역,승강기- 에스컬레이터,남한산성입구 방면6-2
산성역,승강기- 에스컬레이터,남위례 방면6-2
산성역,승강기- 에스컬레이터,남위례 방면6-2
산성역,승강기- 에스컬레이터,남한산성입구 방면1-3
산성역,승강기- 에스컬레이터,남한산성입구 방면1-3
산성역,승강기- 에스컬레이터,대합실
산성역,승강기- 엘리베이터,남위례 방면6-2
산성역,승강기- 엘리베이터,남한산성입구 방면1-3
산성역,승강기- 엘리베이터,대합실
산성역,승강기- 엘리베이터,3번 출입구
남한산성입구역,승강기- 에스컬레이터,1번 출입구
남한산성입구역,승강기- 에스컬레이터,1번 출입구
남한산성입구역,승강기- 에스컬레이터,대합실
남한산성입구역,승강기- 에스컬레이터,대합실
남한산성입구역,승강기- 엘리베이터,산성 방면3-4
남한산성입구역,승강기- 엘리베이터,단대오거리 방면4-1
단대오거리역,승강기- 에스컬레이터,1번 출입구
단대오거리역,승강기- 에스컬레이터,1번 출입구
단대오거리역,승강기- 에스컬레이터,대합실
단대오거리역,승강기- 에스컬레이터,대합실
단대오거리역,승강기- 에스컬레이터,3번 출입구
단대오거리역,승강기- 에스컬레이터,3번 출입구
단대오거리역,승강기- 엘리베이터,남한산성입구 방면2-4
단대오거리역,승강기- 엘리베이터,신흥 방면5-1
단대오거리역,승강기- 엘리베이터,4번 출입구
신흥역,승강기- 엘리베이터,단대오거리 방면4-1
신흥역,승강기- 엘리베이터,수진 방면3-4
수진역,승강기- 엘리베이터,신흥 방면3-4
수진역,승강기- 엘리베이터,모란 방면4-1
수진역,승강기- 엘리베이터,3번 출입구
모란역,승강기- 에스컬레이터,대합실
모란역,승강기- 에스컬레이터,대합실
모란역,승강기- 엘리베이터,수진 방면5-2
모란역,승강기- 엘리베이터,모란 방면2-3
모란역,승강기- 엘리베이터,11번 출입구
모란역,승강기- 휠체어리프트,환승통로(암사방면 6-4)
모란역,승강기- 휠체어리프트,환승통로(모란방면 1-1)
남위례역,승강기- 에스컬레이터,1번 출입구
남위례역,승강기- 에스컬레이터,1번 출입구
남위례역,승강기- 에스컬레이터,대합실
남위례역,승강기- 에스컬레이터,대합실
남위례역,승강기- 에스컬레이터,산성 방면5-1
남위례역,승강기- 에스컬레이터, 
남위례역,승강기- 에스컬레이터,5번 출입구
남위례역,승강기- 엘리베이터,대합실(1번 출입구)
남위례역,승강기- 엘리베이터,5번 출입구
남위례역,승강기- 엘리베이터,산성 방면3-4